[INFO] Logging to cache file: /home/b.farnaghinejad/Side-Channel-Dojo/sw/sca_scripts/ASCON/sw/cache/lut_allouzi/CPA_run_lut_allouzi_150k_20260506_142409.log

================= CONFIGURATION =================
  Script scope              : Multiprocess CPA attack to ASCON SW with generic S-box
DOJO_ROOT                    : /home/b.farnaghinejad/Side-Channel-Dojo

Target
  S-box used                : lut_allouzi
  Number of used traces     : 150,000
  Requested worker cap      : auto

Hardware
  CPU logical cores         : 112
  CPA backend requested     : auto
  CPA backend selected      : cpu
  Worker processes used     : 112
  Trace handling mode       : in-memory
  Host memory available     : 226.19 GiB
  Runtime note              : Using the default in-memory CPA path.

Paths
  Traceset file             : /home/b.farnaghinejad/Side-Channel-Dojo/sw/traceset/ASCON/sw/ascon_opt32_lut_allouzi_150k.h5
  SNR file of attacked bits : /home/b.farnaghinejad/Side-Channel-Dojo/sw/sca_scripts/ASCON/sw/cache/lut_allouzi/snr_ranked_150k.h5
  Plot dir                  : /home/b.farnaghinejad/Side-Channel-Dojo/sw/sca_scripts/ASCON/sw/plot/lut_allouzi
  CPA cache file            : /home/b.farnaghinejad/Side-Channel-Dojo/sw/sca_scripts/ASCON/sw/cache/lut_allouzi/CPA_results_lut_allouzi.json
  Run log file              : /home/b.farnaghinejad/Side-Channel-Dojo/sw/sca_scripts/ASCON/sw/cache/lut_allouzi/CPA_run_lut_allouzi_150k_20260506_142409.log

Analysis Configuration
  Save plots                : yes
  Save results              : yes
  Load CPA results (cache)  : no
  Save CPA results (cache)  : yes

  Key rank plot             : yes
  Correlation plot          : yes
=================================================

[INFO] Loaded 150000 traces from /home/b.farnaghinejad/Side-Channel-Dojo/sw/traceset/ASCON/sw/ascon_opt32_lut_allouzi_150k.h5
[INFO] Sampling interval      : 8e-09
[INFO] Samples per trace      : 1125
[INFO] Approx. traces size    : 1.26 GiB
[INFO] Key                    : 0x000102030405060708090A0B0C0D0E0F
[INFO] IV                     : 0x00001000808C0001
[INFO] Initial nonce          : 0x000102030405060708090A0B0C0D0E0F

[INFO] Key halves by byte (big-endian)
               7   6   5   4   3   2   1   0
k0            00  01  02  03  04  05  06  07
k1            08  09  0A  0B  0C  0D  0E  0F

[INFO] k0 bits (bit63 = LSB ... bit0 = MSB)
      Byte separators every 8 bits (|)

idx: 63 62 61 60 59 58 57 56 | 55 54 53 52 51 50 49 48 | 47 46 45 44 43 42 41 40 | 39 38 37 36 35 34 33 32
val:  0  0  0  0  0  1  1  1 |  0  0  0  0  0  1  1  0 |  0  0  0  0  0  1  0  1 |  0  0  0  0  0  1  0  0
----------------------------------------------------------------------------------------------------------
idx: 31 30 29 28 27 26 25 24 | 23 22 21 20 19 18 17 16 | 15 14 13 12 11 10  9  8 |  7  6  5  4  3  2  1  0
val:  0  0  0  0  0  0  1  1 |  0  0  0  0  0  0  1  0 |  0  0  0  0  0  0  0  1 |  0  0  0  0  0  0  0  0

[INFO] k1 bits (bit63 = LSB ... bit0 = MSB)
      Byte separators every 8 bits (|)

idx: 63 62 61 60 59 58 57 56 | 55 54 53 52 51 50 49 48 | 47 46 45 44 43 42 41 40 | 39 38 37 36 35 34 33 32
val:  0  0  0  0  1  1  1  1 |  0  0  0  0  1  1  1  0 |  0  0  0  0  1  1  0  1 |  0  0  0  0  1  1  0  0
----------------------------------------------------------------------------------------------------------
idx: 31 30 29 28 27 26 25 24 | 23 22 21 20 19 18 17 16 | 15 14 13 12 11 10  9  8 |  7  6  5  4  3  2  1  0
val:  0  0  0  0  1  0  1  1 |  0  0  0  0  1  0  1  0 |  0  0  0  0  1  0  0  1 |  0  0  0  0  1  0  0  0

=== Recovering k0 and k1 (generic 6-bit leakage model) ===

[INFO] Loaded 128 attacked targets from /home/b.farnaghinejad/Side-Channel-Dojo/sw/sca_scripts/ASCON/sw/cache/lut_allouzi/snr_ranked_150k.h5
[INFO] Top-5 targets: [('x1', 32), ('x0', 32), ('x0', 33), ('x0', 34), ('x1', 0)]
[INFO] SNR prepare/load completed in 0.00 minutes.
[INFO] Restoring old-style success-rate/key-rank cache using 112 CPU workers: /home/b.farnaghinejad/Side-Channel-Dojo/sw/sca_scripts/ASCON/sw/xheep_sca_ASCON_success_rate_multiprocessing.py
[INFO] Success-rate/key-rank generation completed in 28.50 minutes.
Attack targets (parallel):   0%|          | 0/128 [00:00<?, ?it/s]
[INFO] Attacking state register x1, bit 32
[INFO] This attack constrains key bit indices: [32, 29, 7]

[INFO] Finished CPA for x1[32]

Total number of groups: 8
Best group index: 0

group   hyp   k1    k0
------------------------
    0    0  000  000
         8  001  000
        16  010  000
        24  011  000
        32  100  000
        40  101  000
        48  110  000
        56  111  000

[INFO] Recovered k0[32]=0
[INFO] Recovered k0[29]=0
[INFO] Recovered k0[7]=0
[INFO] Progress: k0=3/64, k1=0/64, k0_xor_k1=0/64
Attack targets (parallel):   1%|          | 1/128 [00:14<30:12, 14.27s/it]
[INFO] Attacking state register x0, bit 32
[INFO] This attack constrains key bit indices: [32, 51, 60]

[INFO] Finished CPA for x0[32]

Total number of groups: 1
Best group index: 0

group   hyp   k1    k0
------------------------
    0    0  000  000
         1  000  001
         2  000  010
         3  000  011
         4  000  100
         5  000  101
         6  000  110
         7  000  111
         8  001  000
         9  001  001
        10  001  010
        11  001  011
        12  001  100
        13  001  101
        14  001  110
        15  001  111
        16  010  000
        17  010  001
        18  010  010
        19  010  011
        20  010  100
        21  010  101
        22  010  110
        23  010  111
        24  011  000
        25  011  001
        26  011  010
        27  011  011
        28  011  100
        29  011  101
        30  011  110
        31  011  111
        32  100  000
        33  100  001
        34  100  010
        35  100  011
        36  100  100
        37  100  101
        38  100  110
        39  100  111
        40  101  000
        41  101  001
        42  101  010
        43  101  011
        44  101  100
        45  101  101
        46  101  110
        47  101  111
        48  110  000
        49  110  001
        50  110  010
        51  110  011
        52  110  100
        53  110  101
        54  110  110
        55  110  111
        56  111  000
        57  111  001
        58  111  010
        59  111  011
        60  111  100
        61  111  101
        62  111  110
        63  111  111

[INFO] Progress: k0=3/64, k1=0/64, k0_xor_k1=0/64

[INFO] Attacking state register x0, bit 33
[INFO] This attack constrains key bit indices: [33, 52, 61]

[INFO] Finished CPA for x0[33]

Total number of groups: 1
Best group index: 0

group   hyp   k1    k0
------------------------
    0    0  000  000
         1  000  001
         2  000  010
         3  000  011
         4  000  100
         5  000  101
         6  000  110
         7  000  111
         8  001  000
         9  001  001
        10  001  010
        11  001  011
        12  001  100
        13  001  101
        14  001  110
        15  001  111
        16  010  000
        17  010  001
        18  010  010
        19  010  011
        20  010  100
        21  010  101
        22  010  110
        23  010  111
        24  011  000
        25  011  001
        26  011  010
        27  011  011
        28  011  100
        29  011  101
        30  011  110
        31  011  111
        32  100  000
        33  100  001
        34  100  010
        35  100  011
        36  100  100
        37  100  101
        38  100  110
        39  100  111
        40  101  000
        41  101  001
        42  101  010
        43  101  011
        44  101  100
        45  101  101
        46  101  110
        47  101  111
        48  110  000
        49  110  001
        50  110  010
        51  110  011
        52  110  100
        53  110  101
        54  110  110
        55  110  111
        56  111  000
        57  111  001
        58  111  010
        59  111  011
        60  111  100
        61  111  101
        62  111  110
        63  111  111

[INFO] Progress: k0=3/64, k1=0/64, k0_xor_k1=0/64
Attack targets (parallel):   2%|2         | 3/128 [00:14<07:52,  3.78s/it]
[INFO] Attacking state register x0, bit 34
[INFO] This attack constrains key bit indices: [34, 53, 62]

[INFO] Finished CPA for x0[34]

Total number of groups: 1
Best group index: 0

group   hyp   k1    k0
------------------------
    0    0  000  000
         1  000  001
         2  000  010
         3  000  011
         4  000  100
         5  000  101
         6  000  110
         7  000  111
         8  001  000
         9  001  001
        10  001  010
        11  001  011
        12  001  100
        13  001  101
        14  001  110
        15  001  111
        16  010  000
        17  010  001
        18  010  010
        19  010  011
        20  010  100
        21  010  101
        22  010  110
        23  010  111
        24  011  000
        25  011  001
        26  011  010
        27  011  011
        28  011  100
        29  011  101
        30  011  110
        31  011  111
        32  100  000
        33  100  001
        34  100  010
        35  100  011
        36  100  100
        37  100  101
        38  100  110
        39  100  111
        40  101  000
        41  101  001
        42  101  010
        43  101  011
        44  101  100
        45  101  101
        46  101  110
        47  101  111
        48  110  000
        49  110  001
        50  110  010
        51  110  011
        52  110  100
        53  110  101
        54  110  110
        55  110  111
        56  111  000
        57  111  001
        58  111  010
        59  111  011
        60  111  100
        61  111  101
        62  111  110
        63  111  111

[INFO] Progress: k0=3/64, k1=0/64, k0_xor_k1=0/64
Attack targets (parallel):   3%|3         | 4/128 [00:14<05:27,  2.64s/it]
[INFO] Attacking state register x1, bit 0
[INFO] This attack constrains key bit indices: [0, 61, 39]

[INFO] Finished CPA for x1[0]

Total number of groups: 8
Best group index: 4

group   hyp   k1    k0
------------------------
    4    4  000  100
        12  001  100
        20  010  100
        28  011  100
        36  100  100
        44  101  100
        52  110  100
        60  111  100

[INFO] Recovered k0[0]=1
[WARN] Expected k0[0]=0 but got 1
[INFO] Recovered k0[61]=0
[INFO] Recovered k0[39]=0
[INFO] Progress: k0=6/64, k1=0/64, k0_xor_k1=0/64
Attack targets (parallel):   4%|3         | 5/128 [00:16<04:49,  2.36s/it]
[INFO] Attacking state register x1, bit 63
[INFO] This attack constrains key bit indices: [63, 60, 38]

[INFO] Finished CPA for x1[63]

Total number of groups: 8
Best group index: 0

group   hyp   k1    k0
------------------------
    0    0  000  000
         8  001  000
        16  010  000
        24  011  000
        32  100  000
        40  101  000
        48  110  000
        56  111  000

[INFO] Recovered k0[63]=0
[INFO] Recovered k0[60]=0
[INFO] Recovered k0[38]=0
[INFO] Progress: k0=9/64, k1=0/64, k0_xor_k1=0/64

[INFO] Attacking state register x1, bit 1
[INFO] This attack constrains key bit indices: [1, 62, 40]

[INFO] Finished CPA for x1[1]

Total number of groups: 8
Best group index: 1

group   hyp   k1    k0
------------------------
    1    1  000  001
         9  001  001
        17  010  001
        25  011  001
        33  100  001
        41  101  001
        49  110  001
        57  111  001

[INFO] Recovered k0[1]=0
[INFO] Recovered k0[62]=0
[INFO] Recovered k0[40]=1
[INFO] Progress: k0=12/64, k1=0/64, k0_xor_k1=0/64

[INFO] Attacking state register x0, bit 14
[INFO] This attack constrains key bit indices: [14, 33, 42]

[INFO] Finished CPA for x0[14]

Total number of groups: 1
Best group index: 0

group   hyp   k1    k0
------------------------
    0    0  000  000
         1  000  001
         2  000  010
         3  000  011
         4  000  100
         5  000  101
         6  000  110
         7  000  111
         8  001  000
         9  001  001
        10  001  010
        11  001  011
        12  001  100
        13  001  101
        14  001  110
        15  001  111
        16  010  000
        17  010  001
        18  010  010
        19  010  011
        20  010  100
        21  010  101
        22  010  110
        23  010  111
        24  011  000
        25  011  001
        26  011  010
        27  011  011
        28  011  100
        29  011  101
        30  011  110
        31  011  111
        32  100  000
        33  100  001
        34  100  010
        35  100  011
        36  100  100
        37  100  101
        38  100  110
        39  100  111
        40  101  000
        41  101  001
        42  101  010
        43  101  011
        44  101  100
        45  101  101
        46  101  110
        47  101  111
        48  110  000
        49  110  001
        50  110  010
        51  110  011
        52  110  100
        53  110  101
        54  110  110
        55  110  111
        56  111  000
        57  111  001
        58  111  010
        59  111  011
        60  111  100
        61  111  101
        62  111  110
        63  111  111

[INFO] Progress: k0=12/64, k1=0/64, k0_xor_k1=0/64
Attack targets (parallel):   6%|6         | 8/128 [00:18<02:37,  1.31s/it]
[INFO] Attacking state register x0, bit 13
[INFO] This attack constrains key bit indices: [13, 32, 41]

[INFO] Finished CPA for x0[13]

Total number of groups: 1
Best group index: 0

group   hyp   k1    k0
------------------------
    0    0  000  000
         1  000  001
         2  000  010
         3  000  011
         4  000  100
         5  000  101
         6  000  110
         7  000  111
         8  001  000
         9  001  001
        10  001  010
        11  001  011
        12  001  100
        13  001  101
        14  001  110
        15  001  111
        16  010  000
        17  010  001
        18  010  010
        19  010  011
        20  010  100
        21  010  101
        22  010  110
        23  010  111
        24  011  000
        25  011  001
        26  011  010
        27  011  011
        28  011  100
        29  011  101
        30  011  110
        31  011  111
        32  100  000
        33  100  001
        34  100  010
        35  100  011
        36  100  100
        37  100  101
        38  100  110
        39  100  111
        40  101  000
        41  101  001
        42  101  010
        43  101  011
        44  101  100
        45  101  101
        46  101  110
        47  101  111
        48  110  000
        49  110  001
        50  110  010
        51  110  011
        52  110  100
        53  110  101
        54  110  110
        55  110  111
        56  111  000
        57  111  001
        58  111  010
        59  111  011
        60  111  100
        61  111  101
        62  111  110
        63  111  111

[INFO] Progress: k0=12/64, k1=0/64, k0_xor_k1=0/64
Attack targets (parallel):   7%|7         | 9/128 [00:20<02:55,  1.48s/it]
[INFO] Attacking state register x0, bit 4
[INFO] This attack constrains key bit indices: [4, 23, 32]

[INFO] Finished CPA for x0[4]

Total number of groups: 1
Best group index: 0

group   hyp   k1    k0
------------------------
    0    0  000  000
         1  000  001
         2  000  010
         3  000  011
         4  000  100
         5  000  101
         6  000  110
         7  000  111
         8  001  000
         9  001  001
        10  001  010
        11  001  011
        12  001  100
        13  001  101
        14  001  110
        15  001  111
        16  010  000
        17  010  001
        18  010  010
        19  010  011
        20  010  100
        21  010  101
        22  010  110
        23  010  111
        24  011  000
        25  011  001
        26  011  010
        27  011  011
        28  011  100
        29  011  101
        30  011  110
        31  011  111
        32  100  000
        33  100  001
        34  100  010
        35  100  011
        36  100  100
        37  100  101
        38  100  110
        39  100  111
        40  101  000
        41  101  001
        42  101  010
        43  101  011
        44  101  100
        45  101  101
        46  101  110
        47  101  111
        48  110  000
        49  110  001
        50  110  010
        51  110  011
        52  110  100
        53  110  101
        54  110  110
        55  110  111
        56  111  000
        57  111  001
        58  111  010
        59  111  011
        60  111  100
        61  111  101
        62  111  110
        63  111  111

[INFO] Progress: k0=12/64, k1=0/64, k0_xor_k1=0/64

[INFO] Attacking state register x0, bit 36
[INFO] This attack constrains key bit indices: [36, 55, 0]

[INFO] Finished CPA for x0[36]

Total number of groups: 1
Best group index: 0

group   hyp   k1    k0
------------------------
    0    0  000  000
         1  000  001
         2  000  010
         3  000  011
         4  000  100
         5  000  101
         6  000  110
         7  000  111
         8  001  000
         9  001  001
        10  001  010
        11  001  011
        12  001  100
        13  001  101
        14  001  110
        15  001  111
        16  010  000
        17  010  001
        18  010  010
        19  010  011
        20  010  100
        21  010  101
        22  010  110
        23  010  111
        24  011  000
        25  011  001
        26  011  010
        27  011  011
        28  011  100
        29  011  101
        30  011  110
        31  011  111
        32  100  000
        33  100  001
        34  100  010
        35  100  011
        36  100  100
        37  100  101
        38  100  110
        39  100  111
        40  101  000
        41  101  001
        42  101  010
        43  101  011
        44  101  100
        45  101  101
        46  101  110
        47  101  111
        48  110  000
        49  110  001
        50  110  010
        51  110  011
        52  110  100
        53  110  101
        54  110  110
        55  110  111
        56  111  000
        57  111  001
        58  111  010
        59  111  011
        60  111  100
        61  111  101
        62  111  110
        63  111  111

[INFO] Progress: k0=12/64, k1=0/64, k0_xor_k1=0/64

[INFO] Attacking state register x0, bit 30
[INFO] This attack constrains key bit indices: [30, 49, 58]

[INFO] Finished CPA for x0[30]

Total number of groups: 1
Best group index: 0

group   hyp   k1    k0
------------------------
    0    0  000  000
         1  000  001
         2  000  010
         3  000  011
         4  000  100
         5  000  101
         6  000  110
         7  000  111
         8  001  000
         9  001  001
        10  001  010
        11  001  011
        12  001  100
        13  001  101
        14  001  110
        15  001  111
        16  010  000
        17  010  001
        18  010  010
        19  010  011
        20  010  100
        21  010  101
        22  010  110
        23  010  111
        24  011  000
        25  011  001
        26  011  010
        27  011  011
        28  011  100
        29  011  101
        30  011  110
        31  011  111
        32  100  000
        33  100  001
        34  100  010
        35  100  011
        36  100  100
        37  100  101
        38  100  110
        39  100  111
        40  101  000
        41  101  001
        42  101  010
        43  101  011
        44  101  100
        45  101  101
        46  101  110
        47  101  111
        48  110  000
        49  110  001
        50  110  010
        51  110  011
        52  110  100
        53  110  101
        54  110  110
        55  110  111
        56  111  000
        57  111  001
        58  111  010
        59  111  011
        60  111  100
        61  111  101
        62  111  110
        63  111  111

[INFO] Progress: k0=12/64, k1=0/64, k0_xor_k1=0/64

[INFO] Attacking state register x0, bit 1
[INFO] This attack constrains key bit indices: [1, 20, 29]

[INFO] Finished CPA for x0[1]

Total number of groups: 1
Best group index: 0

group   hyp   k1    k0
------------------------
    0    0  000  000
         1  000  001
         2  000  010
         3  000  011
         4  000  100
         5  000  101
         6  000  110
         7  000  111
         8  001  000
         9  001  001
        10  001  010
        11  001  011
        12  001  100
        13  001  101
        14  001  110
        15  001  111
        16  010  000
        17  010  001
        18  010  010
        19  010  011
        20  010  100
        21  010  101
        22  010  110
        23  010  111
        24  011  000
        25  011  001
        26  011  010
        27  011  011
        28  011  100
        29  011  101
        30  011  110
        31  011  111
        32  100  000
        33  100  001
        34  100  010
        35  100  011
        36  100  100
        37  100  101
        38  100  110
        39  100  111
        40  101  000
        41  101  001
        42  101  010
        43  101  011
        44  101  100
        45  101  101
        46  101  110
        47  101  111
        48  110  000
        49  110  001
        50  110  010
        51  110  011
        52  110  100
        53  110  101
        54  110  110
        55  110  111
        56  111  000
        57  111  001
        58  111  010
        59  111  011
        60  111  100
        61  111  101
        62  111  110
        63  111  111

[INFO] Progress: k0=12/64, k1=0/64, k0_xor_k1=0/64

[INFO] Attacking state register x0, bit 22
[INFO] This attack constrains key bit indices: [22, 41, 50]

[INFO] Finished CPA for x0[22]

Total number of groups: 1
Best group index: 0

group   hyp   k1    k0
------------------------
    0    0  000  000
         1  000  001
         2  000  010
         3  000  011
         4  000  100
         5  000  101
         6  000  110
         7  000  111
         8  001  000
         9  001  001
        10  001  010
        11  001  011
        12  001  100
        13  001  101
        14  001  110
        15  001  111
        16  010  000
        17  010  001
        18  010  010
        19  010  011
        20  010  100
        21  010  101
        22  010  110
        23  010  111
        24  011  000
        25  011  001
        26  011  010
        27  011  011
        28  011  100
        29  011  101
        30  011  110
        31  011  111
        32  100  000
        33  100  001
        34  100  010
        35  100  011
        36  100  100
        37  100  101
        38  100  110
        39  100  111
        40  101  000
        41  101  001
        42  101  010
        43  101  011
        44  101  100
        45  101  101
        46  101  110
        47  101  111
        48  110  000
        49  110  001
        50  110  010
        51  110  011
        52  110  100
        53  110  101
        54  110  110
        55  110  111
        56  111  000
        57  111  001
        58  111  010
        59  111  011
        60  111  100
        61  111  101
        62  111  110
        63  111  111

[INFO] Progress: k0=12/64, k1=0/64, k0_xor_k1=0/64

[INFO] Attacking state register x0, bit 53
[INFO] This attack constrains key bit indices: [53, 8, 17]

[INFO] Finished CPA for x0[53]

Total number of groups: 1
Best group index: 0

group   hyp   k1    k0
------------------------
    0    0  000  000
         1  000  001
         2  000  010
         3  000  011
         4  000  100
         5  000  101
         6  000  110
         7  000  111
         8  001  000
         9  001  001
        10  001  010
        11  001  011
        12  001  100
        13  001  101
        14  001  110
        15  001  111
        16  010  000
        17  010  001
        18  010  010
        19  010  011
        20  010  100
        21  010  101
        22  010  110
        23  010  111
        24  011  000
        25  011  001
        26  011  010
        27  011  011
        28  011  100
        29  011  101
        30  011  110
        31  011  111
        32  100  000
        33  100  001
        34  100  010
        35  100  011
        36  100  100
        37  100  101
        38  100  110
        39  100  111
        40  101  000
        41  101  001
        42  101  010
        43  101  011
        44  101  100
        45  101  101
        46  101  110
        47  101  111
        48  110  000
        49  110  001
        50  110  010
        51  110  011
        52  110  100
        53  110  101
        54  110  110
        55  110  111
        56  111  000
        57  111  001
        58  111  010
        59  111  011
        60  111  100
        61  111  101
        62  111  110
        63  111  111

[INFO] Progress: k0=12/64, k1=0/64, k0_xor_k1=0/64

[INFO] Attacking state register x0, bit 31
[INFO] This attack constrains key bit indices: [31, 50, 59]

[INFO] Finished CPA for x0[31]

Total number of groups: 1
Best group index: 0

group   hyp   k1    k0
------------------------
    0    0  000  000
         1  000  001
         2  000  010
         3  000  011
         4  000  100
         5  000  101
         6  000  110
         7  000  111
         8  001  000
         9  001  001
        10  001  010
        11  001  011
        12  001  100
        13  001  101
        14  001  110
        15  001  111
        16  010  000
        17  010  001
        18  010  010
        19  010  011
        20  010  100
        21  010  101
        22  010  110
        23  010  111
        24  011  000
        25  011  001
        26  011  010
        27  011  011
        28  011  100
        29  011  101
        30  011  110
        31  011  111
        32  100  000
        33  100  001
        34  100  010
        35  100  011
        36  100  100
        37  100  101
        38  100  110
        39  100  111
        40  101  000
        41  101  001
        42  101  010
        43  101  011
        44  101  100
        45  101  101
        46  101  110
        47  101  111
        48  110  000
        49  110  001
        50  110  010
        51  110  011
        52  110  100
        53  110  101
        54  110  110
        55  110  111
        56  111  000
        57  111  001
        58  111  010
        59  111  011
        60  111  100
        61  111  101
        62  111  110
        63  111  111

[INFO] Progress: k0=12/64, k1=0/64, k0_xor_k1=0/64
Attack targets (parallel):  12%|#2        | 16/128 [00:20<00:53,  2.10it/s]
[INFO] Attacking state register x0, bit 0
[INFO] This attack constrains key bit indices: [0, 19, 28]

[INFO] Finished CPA for x0[0]

Total number of groups: 1
Best group index: 0

group   hyp   k1    k0
------------------------
    0    0  000  000
         1  000  001
         2  000  010
         3  000  011
         4  000  100
         5  000  101
         6  000  110
         7  000  111
         8  001  000
         9  001  001
        10  001  010
        11  001  011
        12  001  100
        13  001  101
        14  001  110
        15  001  111
        16  010  000
        17  010  001
        18  010  010
        19  010  011
        20  010  100
        21  010  101
        22  010  110
        23  010  111
        24  011  000
        25  011  001
        26  011  010
        27  011  011
        28  011  100
        29  011  101
        30  011  110
        31  011  111
        32  100  000
        33  100  001
        34  100  010
        35  100  011
        36  100  100
        37  100  101
        38  100  110
        39  100  111
        40  101  000
        41  101  001
        42  101  010
        43  101  011
        44  101  100
        45  101  101
        46  101  110
        47  101  111
        48  110  000
        49  110  001
        50  110  010
        51  110  011
        52  110  100
        53  110  101
        54  110  110
        55  110  111
        56  111  000
        57  111  001
        58  111  010
        59  111  011
        60  111  100
        61  111  101
        62  111  110
        63  111  111

[INFO] Progress: k0=12/64, k1=0/64, k0_xor_k1=0/64

[INFO] Attacking state register x0, bit 29
[INFO] This attack constrains key bit indices: [29, 48, 57]

[INFO] Finished CPA for x0[29]

Total number of groups: 1
Best group index: 0

group   hyp   k1    k0
------------------------
    0    0  000  000
         1  000  001
         2  000  010
         3  000  011
         4  000  100
         5  000  101
         6  000  110
         7  000  111
         8  001  000
         9  001  001
        10  001  010
        11  001  011
        12  001  100
        13  001  101
        14  001  110
        15  001  111
        16  010  000
        17  010  001
        18  010  010
        19  010  011
        20  010  100
        21  010  101
        22  010  110
        23  010  111
        24  011  000
        25  011  001
        26  011  010
        27  011  011
        28  011  100
        29  011  101
        30  011  110
        31  011  111
        32  100  000
        33  100  001
        34  100  010
        35  100  011
        36  100  100
        37  100  101
        38  100  110
        39  100  111
        40  101  000
        41  101  001
        42  101  010
        43  101  011
        44  101  100
        45  101  101
        46  101  110
        47  101  111
        48  110  000
        49  110  001
        50  110  010
        51  110  011
        52  110  100
        53  110  101
        54  110  110
        55  110  111
        56  111  000
        57  111  001
        58  111  010
        59  111  011
        60  111  100
        61  111  101
        62  111  110
        63  111  111

[INFO] Progress: k0=12/64, k1=0/64, k0_xor_k1=0/64

[INFO] Attacking state register x0, bit 44
[INFO] This attack constrains key bit indices: [44, 63, 8]

[INFO] Finished CPA for x0[44]

Total number of groups: 1
Best group index: 0

group   hyp   k1    k0
------------------------
    0    0  000  000
         1  000  001
         2  000  010
         3  000  011
         4  000  100
         5  000  101
         6  000  110
         7  000  111
         8  001  000
         9  001  001
        10  001  010
        11  001  011
        12  001  100
        13  001  101
        14  001  110
        15  001  111
        16  010  000
        17  010  001
        18  010  010
        19  010  011
        20  010  100
        21  010  101
        22  010  110
        23  010  111
        24  011  000
        25  011  001
        26  011  010
        27  011  011
        28  011  100
        29  011  101
        30  011  110
        31  011  111
        32  100  000
        33  100  001
        34  100  010
        35  100  011
        36  100  100
        37  100  101
        38  100  110
        39  100  111
        40  101  000
        41  101  001
        42  101  010
        43  101  011
        44  101  100
        45  101  101
        46  101  110
        47  101  111
        48  110  000
        49  110  001
        50  110  010
        51  110  011
        52  110  100
        53  110  101
        54  110  110
        55  110  111
        56  111  000
        57  111  001
        58  111  010
        59  111  011
        60  111  100
        61  111  101
        62  111  110
        63  111  111

[INFO] Progress: k0=12/64, k1=0/64, k0_xor_k1=0/64
Attack targets (parallel):  15%|#4        | 19/128 [00:21<00:41,  2.65it/s]
[INFO] Attacking state register x1, bit 14
[INFO] This attack constrains key bit indices: [14, 11, 53]

[INFO] Finished CPA for x1[14]

Total number of groups: 8
Best group index: 0

group   hyp   k1    k0
------------------------
    0    0  000  000
         8  001  000
        16  010  000
        24  011  000
        32  100  000
        40  101  000
        48  110  000
        56  111  000

[INFO] Recovered k0[14]=0
[INFO] Recovered k0[11]=0
[INFO] Recovered k0[53]=0
[INFO] Progress: k0=15/64, k1=0/64, k0_xor_k1=0/64

[INFO] Attacking state register x0, bit 17
[INFO] This attack constrains key bit indices: [17, 36, 45]

[INFO] Finished CPA for x0[17]

Total number of groups: 1
Best group index: 0

group   hyp   k1    k0
------------------------
    0    0  000  000
         1  000  001
         2  000  010
         3  000  011
         4  000  100
         5  000  101
         6  000  110
         7  000  111
         8  001  000
         9  001  001
        10  001  010
        11  001  011
        12  001  100
        13  001  101
        14  001  110
        15  001  111
        16  010  000
        17  010  001
        18  010  010
        19  010  011
        20  010  100
        21  010  101
        22  010  110
        23  010  111
        24  011  000
        25  011  001
        26  011  010
        27  011  011
        28  011  100
        29  011  101
        30  011  110
        31  011  111
        32  100  000
        33  100  001
        34  100  010
        35  100  011
        36  100  100
        37  100  101
        38  100  110
        39  100  111
        40  101  000
        41  101  001
        42  101  010
        43  101  011
        44  101  100
        45  101  101
        46  101  110
        47  101  111
        48  110  000
        49  110  001
        50  110  010
        51  110  011
        52  110  100
        53  110  101
        54  110  110
        55  110  111
        56  111  000
        57  111  001
        58  111  010
        59  111  011
        60  111  100
        61  111  101
        62  111  110
        63  111  111

[INFO] Progress: k0=15/64, k1=0/64, k0_xor_k1=0/64
Attack targets (parallel):  16%|#6        | 21/128 [00:21<00:33,  3.17it/s]
[INFO] Attacking state register x0, bit 62
[INFO] This attack constrains key bit indices: [62, 17, 26]

[INFO] Finished CPA for x0[62]

Total number of groups: 1
Best group index: 0

group   hyp   k1    k0
------------------------
    0    0  000  000
         1  000  001
         2  000  010
         3  000  011
         4  000  100
         5  000  101
         6  000  110
         7  000  111
         8  001  000
         9  001  001
        10  001  010
        11  001  011
        12  001  100
        13  001  101
        14  001  110
        15  001  111
        16  010  000
        17  010  001
        18  010  010
        19  010  011
        20  010  100
        21  010  101
        22  010  110
        23  010  111
        24  011  000
        25  011  001
        26  011  010
        27  011  011
        28  011  100
        29  011  101
        30  011  110
        31  011  111
        32  100  000
        33  100  001
        34  100  010
        35  100  011
        36  100  100
        37  100  101
        38  100  110
        39  100  111
        40  101  000
        41  101  001
        42  101  010
        43  101  011
        44  101  100
        45  101  101
        46  101  110
        47  101  111
        48  110  000
        49  110  001
        50  110  010
        51  110  011
        52  110  100
        53  110  101
        54  110  110
        55  110  111
        56  111  000
        57  111  001
        58  111  010
        59  111  011
        60  111  100
        61  111  101
        62  111  110
        63  111  111

[INFO] Progress: k0=15/64, k1=0/64, k0_xor_k1=0/64

[INFO] Attacking state register x0, bit 47
[INFO] This attack constrains key bit indices: [47, 2, 11]

[INFO] Finished CPA for x0[47]

Total number of groups: 1
Best group index: 0

group   hyp   k1    k0
------------------------
    0    0  000  000
         1  000  001
         2  000  010
         3  000  011
         4  000  100
         5  000  101
         6  000  110
         7  000  111
         8  001  000
         9  001  001
        10  001  010
        11  001  011
        12  001  100
        13  001  101
        14  001  110
        15  001  111
        16  010  000
        17  010  001
        18  010  010
        19  010  011
        20  010  100
        21  010  101
        22  010  110
        23  010  111
        24  011  000
        25  011  001
        26  011  010
        27  011  011
        28  011  100
        29  011  101
        30  011  110
        31  011  111
        32  100  000
        33  100  001
        34  100  010
        35  100  011
        36  100  100
        37  100  101
        38  100  110
        39  100  111
        40  101  000
        41  101  001
        42  101  010
        43  101  011
        44  101  100
        45  101  101
        46  101  110
        47  101  111
        48  110  000
        49  110  001
        50  110  010
        51  110  011
        52  110  100
        53  110  101
        54  110  110
        55  110  111
        56  111  000
        57  111  001
        58  111  010
        59  111  011
        60  111  100
        61  111  101
        62  111  110
        63  111  111

[INFO] Progress: k0=15/64, k1=0/64, k0_xor_k1=0/64

[INFO] Attacking state register x0, bit 9
[INFO] This attack constrains key bit indices: [9, 28, 37]

[INFO] Finished CPA for x0[9]

Total number of groups: 1
Best group index: 0

group   hyp   k1    k0
------------------------
    0    0  000  000
         1  000  001
         2  000  010
         3  000  011
         4  000  100
         5  000  101
         6  000  110
         7  000  111
         8  001  000
         9  001  001
        10  001  010
        11  001  011
        12  001  100
        13  001  101
        14  001  110
        15  001  111
        16  010  000
        17  010  001
        18  010  010
        19  010  011
        20  010  100
        21  010  101
        22  010  110
        23  010  111
        24  011  000
        25  011  001
        26  011  010
        27  011  011
        28  011  100
        29  011  101
        30  011  110
        31  011  111
        32  100  000
        33  100  001
        34  100  010
        35  100  011
        36  100  100
        37  100  101
        38  100  110
        39  100  111
        40  101  000
        41  101  001
        42  101  010
        43  101  011
        44  101  100
        45  101  101
        46  101  110
        47  101  111
        48  110  000
        49  110  001
        50  110  010
        51  110  011
        52  110  100
        53  110  101
        54  110  110
        55  110  111
        56  111  000
        57  111  001
        58  111  010
        59  111  011
        60  111  100
        61  111  101
        62  111  110
        63  111  111

[INFO] Progress: k0=15/64, k1=0/64, k0_xor_k1=0/64

[INFO] Attacking state register x0, bit 54
[INFO] This attack constrains key bit indices: [54, 9, 18]

[INFO] Finished CPA for x0[54]

Total number of groups: 1
Best group index: 0

group   hyp   k1    k0
------------------------
    0    0  000  000
         1  000  001
         2  000  010
         3  000  011
         4  000  100
         5  000  101
         6  000  110
         7  000  111
         8  001  000
         9  001  001
        10  001  010
        11  001  011
        12  001  100
        13  001  101
        14  001  110
        15  001  111
        16  010  000
        17  010  001
        18  010  010
        19  010  011
        20  010  100
        21  010  101
        22  010  110
        23  010  111
        24  011  000
        25  011  001
        26  011  010
        27  011  011
        28  011  100
        29  011  101
        30  011  110
        31  011  111
        32  100  000
        33  100  001
        34  100  010
        35  100  011
        36  100  100
        37  100  101
        38  100  110
        39  100  111
        40  101  000
        41  101  001
        42  101  010
        43  101  011
        44  101  100
        45  101  101
        46  101  110
        47  101  111
        48  110  000
        49  110  001
        50  110  010
        51  110  011
        52  110  100
        53  110  101
        54  110  110
        55  110  111
        56  111  000
        57  111  001
        58  111  010
        59  111  011
        60  111  100
        61  111  101
        62  111  110
        63  111  111

[INFO] Progress: k0=15/64, k1=0/64, k0_xor_k1=0/64

[INFO] Attacking state register x1, bit 36
[INFO] This attack constrains key bit indices: [36, 33, 11]

[INFO] Finished CPA for x1[36]

Total number of groups: 8
Best group index: 0

group   hyp   k1    k0
------------------------
    0    0  000  000
         8  001  000
        16  010  000
        24  011  000
        32  100  000
        40  101  000
        48  110  000
        56  111  000

[INFO] Recovered k0[36]=0
[INFO] Recovered k0[33]=0
[INFO] Progress: k0=17/64, k1=0/64, k0_xor_k1=0/64

[INFO] Attacking state register x0, bit 41
[INFO] This attack constrains key bit indices: [41, 60, 5]

[INFO] Finished CPA for x0[41]

Total number of groups: 1
Best group index: 0

group   hyp   k1    k0
------------------------
    0    0  000  000
         1  000  001
         2  000  010
         3  000  011
         4  000  100
         5  000  101
         6  000  110
         7  000  111
         8  001  000
         9  001  001
        10  001  010
        11  001  011
        12  001  100
        13  001  101
        14  001  110
        15  001  111
        16  010  000
        17  010  001
        18  010  010
        19  010  011
        20  010  100
        21  010  101
        22  010  110
        23  010  111
        24  011  000
        25  011  001
        26  011  010
        27  011  011
        28  011  100
        29  011  101
        30  011  110
        31  011  111
        32  100  000
        33  100  001
        34  100  010
        35  100  011
        36  100  100
        37  100  101
        38  100  110
        39  100  111
        40  101  000
        41  101  001
        42  101  010
        43  101  011
        44  101  100
        45  101  101
        46  101  110
        47  101  111
        48  110  000
        49  110  001
        50  110  010
        51  110  011
        52  110  100
        53  110  101
        54  110  110
        55  110  111
        56  111  000
        57  111  001
        58  111  010
        59  111  011
        60  111  100
        61  111  101
        62  111  110
        63  111  111

[INFO] Progress: k0=17/64, k1=0/64, k0_xor_k1=0/64

[INFO] Attacking state register x1, bit 13
[INFO] This attack constrains key bit indices: [13, 10, 52]

[INFO] Finished CPA for x1[13]

Total number of groups: 8
Best group index: 0

group   hyp   k1    k0
------------------------
    0    0  000  000
         8  001  000
        16  010  000
        24  011  000
        32  100  000
        40  101  000
        48  110  000
        56  111  000

[INFO] Recovered k0[13]=0
[INFO] Recovered k0[10]=0
[INFO] Recovered k0[52]=0
[INFO] Progress: k0=20/64, k1=0/64, k0_xor_k1=0/64
Attack targets (parallel):  22%|##1       | 28/128 [00:22<00:22,  4.46it/s]
[INFO] Attacking state register x0, bit 63
[INFO] This attack constrains key bit indices: [63, 18, 27]

[INFO] Finished CPA for x0[63]

Total number of groups: 1
Best group index: 0

group   hyp   k1    k0
------------------------
    0    0  000  000
         1  000  001
         2  000  010
         3  000  011
         4  000  100
         5  000  101
         6  000  110
         7  000  111
         8  001  000
         9  001  001
        10  001  010
        11  001  011
        12  001  100
        13  001  101
        14  001  110
        15  001  111
        16  010  000
        17  010  001
        18  010  010
        19  010  011
        20  010  100
        21  010  101
        22  010  110
        23  010  111
        24  011  000
        25  011  001
        26  011  010
        27  011  011
        28  011  100
        29  011  101
        30  011  110
        31  011  111
        32  100  000
        33  100  001
        34  100  010
        35  100  011
        36  100  100
        37  100  101
        38  100  110
        39  100  111
        40  101  000
        41  101  001
        42  101  010
        43  101  011
        44  101  100
        45  101  101
        46  101  110
        47  101  111
        48  110  000
        49  110  001
        50  110  010
        51  110  011
        52  110  100
        53  110  101
        54  110  110
        55  110  111
        56  111  000
        57  111  001
        58  111  010
        59  111  011
        60  111  100
        61  111  101
        62  111  110
        63  111  111

[INFO] Progress: k0=20/64, k1=0/64, k0_xor_k1=0/64

[INFO] Attacking state register x0, bit 37
[INFO] This attack constrains key bit indices: [37, 56, 1]

[INFO] Finished CPA for x0[37]

Total number of groups: 1
Best group index: 0

group   hyp   k1    k0
------------------------
    0    0  000  000
         1  000  001
         2  000  010
         3  000  011
         4  000  100
         5  000  101
         6  000  110
         7  000  111
         8  001  000
         9  001  001
        10  001  010
        11  001  011
        12  001  100
        13  001  101
        14  001  110
        15  001  111
        16  010  000
        17  010  001
        18  010  010
        19  010  011
        20  010  100
        21  010  101
        22  010  110
        23  010  111
        24  011  000
        25  011  001
        26  011  010
        27  011  011
        28  011  100
        29  011  101
        30  011  110
        31  011  111
        32  100  000
        33  100  001
        34  100  010
        35  100  011
        36  100  100
        37  100  101
        38  100  110
        39  100  111
        40  101  000
        41  101  001
        42  101  010
        43  101  011
        44  101  100
        45  101  101
        46  101  110
        47  101  111
        48  110  000
        49  110  001
        50  110  010
        51  110  011
        52  110  100
        53  110  101
        54  110  110
        55  110  111
        56  111  000
        57  111  001
        58  111  010
        59  111  011
        60  111  100
        61  111  101
        62  111  110
        63  111  111

[INFO] Progress: k0=20/64, k1=0/64, k0_xor_k1=0/64

[INFO] Attacking state register x0, bit 19
[INFO] This attack constrains key bit indices: [19, 38, 47]

[INFO] Finished CPA for x0[19]

Total number of groups: 1
Best group index: 0

group   hyp   k1    k0
------------------------
    0    0  000  000
         1  000  001
         2  000  010
         3  000  011
         4  000  100
         5  000  101
         6  000  110
         7  000  111
         8  001  000
         9  001  001
        10  001  010
        11  001  011
        12  001  100
        13  001  101
        14  001  110
        15  001  111
        16  010  000
        17  010  001
        18  010  010
        19  010  011
        20  010  100
        21  010  101
        22  010  110
        23  010  111
        24  011  000
        25  011  001
        26  011  010
        27  011  011
        28  011  100
        29  011  101
        30  011  110
        31  011  111
        32  100  000
        33  100  001
        34  100  010
        35  100  011
        36  100  100
        37  100  101
        38  100  110
        39  100  111
        40  101  000
        41  101  001
        42  101  010
        43  101  011
        44  101  100
        45  101  101
        46  101  110
        47  101  111
        48  110  000
        49  110  001
        50  110  010
        51  110  011
        52  110  100
        53  110  101
        54  110  110
        55  110  111
        56  111  000
        57  111  001
        58  111  010
        59  111  011
        60  111  100
        61  111  101
        62  111  110
        63  111  111

[INFO] Progress: k0=20/64, k1=0/64, k0_xor_k1=0/64

[INFO] Attacking state register x0, bit 58
[INFO] This attack constrains key bit indices: [58, 13, 22]

[INFO] Finished CPA for x0[58]

Total number of groups: 1
Best group index: 0

group   hyp   k1    k0
------------------------
    0    0  000  000
         1  000  001
         2  000  010
         3  000  011
         4  000  100
         5  000  101
         6  000  110
         7  000  111
         8  001  000
         9  001  001
        10  001  010
        11  001  011
        12  001  100
        13  001  101
        14  001  110
        15  001  111
        16  010  000
        17  010  001
        18  010  010
        19  010  011
        20  010  100
        21  010  101
        22  010  110
        23  010  111
        24  011  000
        25  011  001
        26  011  010
        27  011  011
        28  011  100
        29  011  101
        30  011  110
        31  011  111
        32  100  000
        33  100  001
        34  100  010
        35  100  011
        36  100  100
        37  100  101
        38  100  110
        39  100  111
        40  101  000
        41  101  001
        42  101  010
        43  101  011
        44  101  100
        45  101  101
        46  101  110
        47  101  111
        48  110  000
        49  110  001
        50  110  010
        51  110  011
        52  110  100
        53  110  101
        54  110  110
        55  110  111
        56  111  000
        57  111  001
        58  111  010
        59  111  011
        60  111  100
        61  111  101
        62  111  110
        63  111  111

[INFO] Progress: k0=20/64, k1=0/64, k0_xor_k1=0/64

[INFO] Attacking state register x0, bit 5
[INFO] This attack constrains key bit indices: [5, 24, 33]

[INFO] Finished CPA for x0[5]

Total number of groups: 1
Best group index: 0

group   hyp   k1    k0
------------------------
    0    0  000  000
         1  000  001
         2  000  010
         3  000  011
         4  000  100
         5  000  101
         6  000  110
         7  000  111
         8  001  000
         9  001  001
        10  001  010
        11  001  011
        12  001  100
        13  001  101
        14  001  110
        15  001  111
        16  010  000
        17  010  001
        18  010  010
        19  010  011
        20  010  100
        21  010  101
        22  010  110
        23  010  111
        24  011  000
        25  011  001
        26  011  010
        27  011  011
        28  011  100
        29  011  101
        30  011  110
        31  011  111
        32  100  000
        33  100  001
        34  100  010
        35  100  011
        36  100  100
        37  100  101
        38  100  110
        39  100  111
        40  101  000
        41  101  001
        42  101  010
        43  101  011
        44  101  100
        45  101  101
        46  101  110
        47  101  111
        48  110  000
        49  110  001
        50  110  010
        51  110  011
        52  110  100
        53  110  101
        54  110  110
        55  110  111
        56  111  000
        57  111  001
        58  111  010
        59  111  011
        60  111  100
        61  111  101
        62  111  110
        63  111  111

[INFO] Progress: k0=20/64, k1=0/64, k0_xor_k1=0/64

[INFO] Attacking state register x0, bit 46
[INFO] This attack constrains key bit indices: [46, 1, 10]

[INFO] Finished CPA for x0[46]

Total number of groups: 1
Best group index: 0

group   hyp   k1    k0
------------------------
    0    0  000  000
         1  000  001
         2  000  010
         3  000  011
         4  000  100
         5  000  101
         6  000  110
         7  000  111
         8  001  000
         9  001  001
        10  001  010
        11  001  011
        12  001  100
        13  001  101
        14  001  110
        15  001  111
        16  010  000
        17  010  001
        18  010  010
        19  010  011
        20  010  100
        21  010  101
        22  010  110
        23  010  111
        24  011  000
        25  011  001
        26  011  010
        27  011  011
        28  011  100
        29  011  101
        30  011  110
        31  011  111
        32  100  000
        33  100  001
        34  100  010
        35  100  011
        36  100  100
        37  100  101
        38  100  110
        39  100  111
        40  101  000
        41  101  001
        42  101  010
        43  101  011
        44  101  100
        45  101  101
        46  101  110
        47  101  111
        48  110  000
        49  110  001
        50  110  010
        51  110  011
        52  110  100
        53  110  101
        54  110  110
        55  110  111
        56  111  000
        57  111  001
        58  111  010
        59  111  011
        60  111  100
        61  111  101
        62  111  110
        63  111  111

[INFO] Progress: k0=20/64, k1=0/64, k0_xor_k1=0/64

[INFO] Attacking state register x0, bit 10
[INFO] This attack constrains key bit indices: [10, 29, 38]

[INFO] Finished CPA for x0[10]

Total number of groups: 1
Best group index: 0

group   hyp   k1    k0
------------------------
    0    0  000  000
         1  000  001
         2  000  010
         3  000  011
         4  000  100
         5  000  101
         6  000  110
         7  000  111
         8  001  000
         9  001  001
        10  001  010
        11  001  011
        12  001  100
        13  001  101
        14  001  110
        15  001  111
        16  010  000
        17  010  001
        18  010  010
        19  010  011
        20  010  100
        21  010  101
        22  010  110
        23  010  111
        24  011  000
        25  011  001
        26  011  010
        27  011  011
        28  011  100
        29  011  101
        30  011  110
        31  011  111
        32  100  000
        33  100  001
        34  100  010
        35  100  011
        36  100  100
        37  100  101
        38  100  110
        39  100  111
        40  101  000
        41  101  001
        42  101  010
        43  101  011
        44  101  100
        45  101  101
        46  101  110
        47  101  111
        48  110  000
        49  110  001
        50  110  010
        51  110  011
        52  110  100
        53  110  101
        54  110  110
        55  110  111
        56  111  000
        57  111  001
        58  111  010
        59  111  011
        60  111  100
        61  111  101
        62  111  110
        63  111  111

[INFO] Progress: k0=20/64, k1=0/64, k0_xor_k1=0/64

[INFO] Attacking state register x0, bit 28
[INFO] This attack constrains key bit indices: [28, 47, 56]

[INFO] Finished CPA for x0[28]

Total number of groups: 1
Best group index: 0

group   hyp   k1    k0
------------------------
    0    0  000  000
         1  000  001
         2  000  010
         3  000  011
         4  000  100
         5  000  101
         6  000  110
         7  000  111
         8  001  000
         9  001  001
        10  001  010
        11  001  011
        12  001  100
        13  001  101
        14  001  110
        15  001  111
        16  010  000
        17  010  001
        18  010  010
        19  010  011
        20  010  100
        21  010  101
        22  010  110
        23  010  111
        24  011  000
        25  011  001
        26  011  010
        27  011  011
        28  011  100
        29  011  101
        30  011  110
        31  011  111
        32  100  000
        33  100  001
        34  100  010
        35  100  011
        36  100  100
        37  100  101
        38  100  110
        39  100  111
        40  101  000
        41  101  001
        42  101  010
        43  101  011
        44  101  100
        45  101  101
        46  101  110
        47  101  111
        48  110  000
        49  110  001
        50  110  010
        51  110  011
        52  110  100
        53  110  101
        54  110  110
        55  110  111
        56  111  000
        57  111  001
        58  111  010
        59  111  011
        60  111  100
        61  111  101
        62  111  110
        63  111  111

[INFO] Progress: k0=20/64, k1=0/64, k0_xor_k1=0/64

[INFO] Attacking state register x0, bit 24
[INFO] This attack constrains key bit indices: [24, 43, 52]

[INFO] Finished CPA for x0[24]

Total number of groups: 1
Best group index: 0

group   hyp   k1    k0
------------------------
    0    0  000  000
         1  000  001
         2  000  010
         3  000  011
         4  000  100
         5  000  101
         6  000  110
         7  000  111
         8  001  000
         9  001  001
        10  001  010
        11  001  011
        12  001  100
        13  001  101
        14  001  110
        15  001  111
        16  010  000
        17  010  001
        18  010  010
        19  010  011
        20  010  100
        21  010  101
        22  010  110
        23  010  111
        24  011  000
        25  011  001
        26  011  010
        27  011  011
        28  011  100
        29  011  101
        30  011  110
        31  011  111
        32  100  000
        33  100  001
        34  100  010
        35  100  011
        36  100  100
        37  100  101
        38  100  110
        39  100  111
        40  101  000
        41  101  001
        42  101  010
        43  101  011
        44  101  100
        45  101  101
        46  101  110
        47  101  111
        48  110  000
        49  110  001
        50  110  010
        51  110  011
        52  110  100
        53  110  101
        54  110  110
        55  110  111
        56  111  000
        57  111  001
        58  111  010
        59  111  011
        60  111  100
        61  111  101
        62  111  110
        63  111  111

[INFO] Progress: k0=20/64, k1=0/64, k0_xor_k1=0/64

[INFO] Attacking state register x0, bit 38
[INFO] This attack constrains key bit indices: [38, 57, 2]

[INFO] Finished CPA for x0[38]

Total number of groups: 1
Best group index: 0

group   hyp   k1    k0
------------------------
    0    0  000  000
         1  000  001
         2  000  010
         3  000  011
         4  000  100
         5  000  101
         6  000  110
         7  000  111
         8  001  000
         9  001  001
        10  001  010
        11  001  011
        12  001  100
        13  001  101
        14  001  110
        15  001  111
        16  010  000
        17  010  001
        18  010  010
        19  010  011
        20  010  100
        21  010  101
        22  010  110
        23  010  111
        24  011  000
        25  011  001
        26  011  010
        27  011  011
        28  011  100
        29  011  101
        30  011  110
        31  011  111
        32  100  000
        33  100  001
        34  100  010
        35  100  011
        36  100  100
        37  100  101
        38  100  110
        39  100  111
        40  101  000
        41  101  001
        42  101  010
        43  101  011
        44  101  100
        45  101  101
        46  101  110
        47  101  111
        48  110  000
        49  110  001
        50  110  010
        51  110  011
        52  110  100
        53  110  101
        54  110  110
        55  110  111
        56  111  000
        57  111  001
        58  111  010
        59  111  011
        60  111  100
        61  111  101
        62  111  110
        63  111  111

[INFO] Progress: k0=20/64, k1=0/64, k0_xor_k1=0/64

[INFO] Attacking state register x0, bit 16
[INFO] This attack constrains key bit indices: [16, 35, 44]

[INFO] Finished CPA for x0[16]

Total number of groups: 1
Best group index: 0

group   hyp   k1    k0
------------------------
    0    0  000  000
         1  000  001
         2  000  010
         3  000  011
         4  000  100
         5  000  101
         6  000  110
         7  000  111
         8  001  000
         9  001  001
        10  001  010
        11  001  011
        12  001  100
        13  001  101
        14  001  110
        15  001  111
        16  010  000
        17  010  001
        18  010  010
        19  010  011
        20  010  100
        21  010  101
        22  010  110
        23  010  111
        24  011  000
        25  011  001
        26  011  010
        27  011  011
        28  011  100
        29  011  101
        30  011  110
        31  011  111
        32  100  000
        33  100  001
        34  100  010
        35  100  011
        36  100  100
        37  100  101
        38  100  110
        39  100  111
        40  101  000
        41  101  001
        42  101  010
        43  101  011
        44  101  100
        45  101  101
        46  101  110
        47  101  111
        48  110  000
        49  110  001
        50  110  010
        51  110  011
        52  110  100
        53  110  101
        54  110  110
        55  110  111
        56  111  000
        57  111  001
        58  111  010
        59  111  011
        60  111  100
        61  111  101
        62  111  110
        63  111  111

[INFO] Progress: k0=20/64, k1=0/64, k0_xor_k1=0/64

[INFO] Attacking state register x0, bit 20
[INFO] This attack constrains key bit indices: [20, 39, 48]

[INFO] Finished CPA for x0[20]

Total number of groups: 1
Best group index: 0

group   hyp   k1    k0
------------------------
    0    0  000  000
         1  000  001
         2  000  010
         3  000  011
         4  000  100
         5  000  101
         6  000  110
         7  000  111
         8  001  000
         9  001  001
        10  001  010
        11  001  011
        12  001  100
        13  001  101
        14  001  110
        15  001  111
        16  010  000
        17  010  001
        18  010  010
        19  010  011
        20  010  100
        21  010  101
        22  010  110
        23  010  111
        24  011  000
        25  011  001
        26  011  010
        27  011  011
        28  011  100
        29  011  101
        30  011  110
        31  011  111
        32  100  000
        33  100  001
        34  100  010
        35  100  011
        36  100  100
        37  100  101
        38  100  110
        39  100  111
        40  101  000
        41  101  001
        42  101  010
        43  101  011
        44  101  100
        45  101  101
        46  101  110
        47  101  111
        48  110  000
        49  110  001
        50  110  010
        51  110  011
        52  110  100
        53  110  101
        54  110  110
        55  110  111
        56  111  000
        57  111  001
        58  111  010
        59  111  011
        60  111  100
        61  111  101
        62  111  110
        63  111  111

[INFO] Progress: k0=20/64, k1=0/64, k0_xor_k1=0/64

[INFO] Attacking state register x0, bit 60
[INFO] This attack constrains key bit indices: [60, 15, 24]

[INFO] Finished CPA for x0[60]

Total number of groups: 1
Best group index: 0

group   hyp   k1    k0
------------------------
    0    0  000  000
         1  000  001
         2  000  010
         3  000  011
         4  000  100
         5  000  101
         6  000  110
         7  000  111
         8  001  000
         9  001  001
        10  001  010
        11  001  011
        12  001  100
        13  001  101
        14  001  110
        15  001  111
        16  010  000
        17  010  001
        18  010  010
        19  010  011
        20  010  100
        21  010  101
        22  010  110
        23  010  111
        24  011  000
        25  011  001
        26  011  010
        27  011  011
        28  011  100
        29  011  101
        30  011  110
        31  011  111
        32  100  000
        33  100  001
        34  100  010
        35  100  011
        36  100  100
        37  100  101
        38  100  110
        39  100  111
        40  101  000
        41  101  001
        42  101  010
        43  101  011
        44  101  100
        45  101  101
        46  101  110
        47  101  111
        48  110  000
        49  110  001
        50  110  010
        51  110  011
        52  110  100
        53  110  101
        54  110  110
        55  110  111
        56  111  000
        57  111  001
        58  111  010
        59  111  011
        60  111  100
        61  111  101
        62  111  110
        63  111  111

[INFO] Progress: k0=20/64, k1=0/64, k0_xor_k1=0/64

[INFO] Attacking state register x0, bit 26
[INFO] This attack constrains key bit indices: [26, 45, 54]

[INFO] Finished CPA for x0[26]

Total number of groups: 1
Best group index: 0

group   hyp   k1    k0
------------------------
    0    0  000  000
         1  000  001
         2  000  010
         3  000  011
         4  000  100
         5  000  101
         6  000  110
         7  000  111
         8  001  000
         9  001  001
        10  001  010
        11  001  011
        12  001  100
        13  001  101
        14  001  110
        15  001  111
        16  010  000
        17  010  001
        18  010  010
        19  010  011
        20  010  100
        21  010  101
        22  010  110
        23  010  111
        24  011  000
        25  011  001
        26  011  010
        27  011  011
        28  011  100
        29  011  101
        30  011  110
        31  011  111
        32  100  000
        33  100  001
        34  100  010
        35  100  011
        36  100  100
        37  100  101
        38  100  110
        39  100  111
        40  101  000
        41  101  001
        42  101  010
        43  101  011
        44  101  100
        45  101  101
        46  101  110
        47  101  111
        48  110  000
        49  110  001
        50  110  010
        51  110  011
        52  110  100
        53  110  101
        54  110  110
        55  110  111
        56  111  000
        57  111  001
        58  111  010
        59  111  011
        60  111  100
        61  111  101
        62  111  110
        63  111  111

[INFO] Progress: k0=20/64, k1=0/64, k0_xor_k1=0/64

[INFO] Attacking state register x1, bit 31
[INFO] This attack constrains key bit indices: [31, 28, 6]

[INFO] Finished CPA for x1[31]

Total number of groups: 8
Best group index: 0

group   hyp   k1    k0
------------------------
    0    0  000  000
         8  001  000
        16  010  000
        24  011  000
        32  100  000
        40  101  000
        48  110  000
        56  111  000

[INFO] Recovered k0[31]=0
[INFO] Recovered k0[28]=0
[INFO] Recovered k0[6]=0
[INFO] Progress: k0=23/64, k1=0/64, k0_xor_k1=0/64

[INFO] Attacking state register x0, bit 56
[INFO] This attack constrains key bit indices: [56, 11, 20]

[INFO] Finished CPA for x0[56]

Total number of groups: 1
Best group index: 0

group   hyp   k1    k0
------------------------
    0    0  000  000
         1  000  001
         2  000  010
         3  000  011
         4  000  100
         5  000  101
         6  000  110
         7  000  111
         8  001  000
         9  001  001
        10  001  010
        11  001  011
        12  001  100
        13  001  101
        14  001  110
        15  001  111
        16  010  000
        17  010  001
        18  010  010
        19  010  011
        20  010  100
        21  010  101
        22  010  110
        23  010  111
        24  011  000
        25  011  001
        26  011  010
        27  011  011
        28  011  100
        29  011  101
        30  011  110
        31  011  111
        32  100  000
        33  100  001
        34  100  010
        35  100  011
        36  100  100
        37  100  101
        38  100  110
        39  100  111
        40  101  000
        41  101  001
        42  101  010
        43  101  011
        44  101  100
        45  101  101
        46  101  110
        47  101  111
        48  110  000
        49  110  001
        50  110  010
        51  110  011
        52  110  100
        53  110  101
        54  110  110
        55  110  111
        56  111  000
        57  111  001
        58  111  010
        59  111  011
        60  111  100
        61  111  101
        62  111  110
        63  111  111

[INFO] Progress: k0=23/64, k1=0/64, k0_xor_k1=0/64

[INFO] Attacking state register x0, bit 2
[INFO] This attack constrains key bit indices: [2, 21, 30]

[INFO] Finished CPA for x0[2]

Total number of groups: 1
Best group index: 0

group   hyp   k1    k0
------------------------
    0    0  000  000
         1  000  001
         2  000  010
         3  000  011
         4  000  100
         5  000  101
         6  000  110
         7  000  111
         8  001  000
         9  001  001
        10  001  010
        11  001  011
        12  001  100
        13  001  101
        14  001  110
        15  001  111
        16  010  000
        17  010  001
        18  010  010
        19  010  011
        20  010  100
        21  010  101
        22  010  110
        23  010  111
        24  011  000
        25  011  001
        26  011  010
        27  011  011
        28  011  100
        29  011  101
        30  011  110
        31  011  111
        32  100  000
        33  100  001
        34  100  010
        35  100  011
        36  100  100
        37  100  101
        38  100  110
        39  100  111
        40  101  000
        41  101  001
        42  101  010
        43  101  011
        44  101  100
        45  101  101
        46  101  110
        47  101  111
        48  110  000
        49  110  001
        50  110  010
        51  110  011
        52  110  100
        53  110  101
        54  110  110
        55  110  111
        56  111  000
        57  111  001
        58  111  010
        59  111  011
        60  111  100
        61  111  101
        62  111  110
        63  111  111

[INFO] Progress: k0=23/64, k1=0/64, k0_xor_k1=0/64

[INFO] Attacking state register x0, bit 7
[INFO] This attack constrains key bit indices: [7, 26, 35]

[INFO] Finished CPA for x0[7]

Total number of groups: 1
Best group index: 0

group   hyp   k1    k0
------------------------
    0    0  000  000
         1  000  001
         2  000  010
         3  000  011
         4  000  100
         5  000  101
         6  000  110
         7  000  111
         8  001  000
         9  001  001
        10  001  010
        11  001  011
        12  001  100
        13  001  101
        14  001  110
        15  001  111
        16  010  000
        17  010  001
        18  010  010
        19  010  011
        20  010  100
        21  010  101
        22  010  110
        23  010  111
        24  011  000
        25  011  001
        26  011  010
        27  011  011
        28  011  100
        29  011  101
        30  011  110
        31  011  111
        32  100  000
        33  100  001
        34  100  010
        35  100  011
        36  100  100
        37  100  101
        38  100  110
        39  100  111
        40  101  000
        41  101  001
        42  101  010
        43  101  011
        44  101  100
        45  101  101
        46  101  110
        47  101  111
        48  110  000
        49  110  001
        50  110  010
        51  110  011
        52  110  100
        53  110  101
        54  110  110
        55  110  111
        56  111  000
        57  111  001
        58  111  010
        59  111  011
        60  111  100
        61  111  101
        62  111  110
        63  111  111

[INFO] Progress: k0=23/64, k1=0/64, k0_xor_k1=0/64

[INFO] Attacking state register x0, bit 40
[INFO] This attack constrains key bit indices: [40, 59, 4]

[INFO] Finished CPA for x0[40]

Total number of groups: 1
Best group index: 0

group   hyp   k1    k0
------------------------
    0    0  000  000
         1  000  001
         2  000  010
         3  000  011
         4  000  100
         5  000  101
         6  000  110
         7  000  111
         8  001  000
         9  001  001
        10  001  010
        11  001  011
        12  001  100
        13  001  101
        14  001  110
        15  001  111
        16  010  000
        17  010  001
        18  010  010
        19  010  011
        20  010  100
        21  010  101
        22  010  110
        23  010  111
        24  011  000
        25  011  001
        26  011  010
        27  011  011
        28  011  100
        29  011  101
        30  011  110
        31  011  111
        32  100  000
        33  100  001
        34  100  010
        35  100  011
        36  100  100
        37  100  101
        38  100  110
        39  100  111
        40  101  000
        41  101  001
        42  101  010
        43  101  011
        44  101  100
        45  101  101
        46  101  110
        47  101  111
        48  110  000
        49  110  001
        50  110  010
        51  110  011
        52  110  100
        53  110  101
        54  110  110
        55  110  111
        56  111  000
        57  111  001
        58  111  010
        59  111  011
        60  111  100
        61  111  101
        62  111  110
        63  111  111

[INFO] Progress: k0=23/64, k1=0/64, k0_xor_k1=0/64

[INFO] Attacking state register x0, bit 18
[INFO] This attack constrains key bit indices: [18, 37, 46]

[INFO] Finished CPA for x0[18]

Total number of groups: 1
Best group index: 0

group   hyp   k1    k0
------------------------
    0    0  000  000
         1  000  001
         2  000  010
         3  000  011
         4  000  100
         5  000  101
         6  000  110
         7  000  111
         8  001  000
         9  001  001
        10  001  010
        11  001  011
        12  001  100
        13  001  101
        14  001  110
        15  001  111
        16  010  000
        17  010  001
        18  010  010
        19  010  011
        20  010  100
        21  010  101
        22  010  110
        23  010  111
        24  011  000
        25  011  001
        26  011  010
        27  011  011
        28  011  100
        29  011  101
        30  011  110
        31  011  111
        32  100  000
        33  100  001
        34  100  010
        35  100  011
        36  100  100
        37  100  101
        38  100  110
        39  100  111
        40  101  000
        41  101  001
        42  101  010
        43  101  011
        44  101  100
        45  101  101
        46  101  110
        47  101  111
        48  110  000
        49  110  001
        50  110  010
        51  110  011
        52  110  100
        53  110  101
        54  110  110
        55  110  111
        56  111  000
        57  111  001
        58  111  010
        59  111  011
        60  111  100
        61  111  101
        62  111  110
        63  111  111

[INFO] Progress: k0=23/64, k1=0/64, k0_xor_k1=0/64

[INFO] Attacking state register x0, bit 61
[INFO] This attack constrains key bit indices: [61, 16, 25]

[INFO] Finished CPA for x0[61]

Total number of groups: 1
Best group index: 0

group   hyp   k1    k0
------------------------
    0    0  000  000
         1  000  001
         2  000  010
         3  000  011
         4  000  100
         5  000  101
         6  000  110
         7  000  111
         8  001  000
         9  001  001
        10  001  010
        11  001  011
        12  001  100
        13  001  101
        14  001  110
        15  001  111
        16  010  000
        17  010  001
        18  010  010
        19  010  011
        20  010  100
        21  010  101
        22  010  110
        23  010  111
        24  011  000
        25  011  001
        26  011  010
        27  011  011
        28  011  100
        29  011  101
        30  011  110
        31  011  111
        32  100  000
        33  100  001
        34  100  010
        35  100  011
        36  100  100
        37  100  101
        38  100  110
        39  100  111
        40  101  000
        41  101  001
        42  101  010
        43  101  011
        44  101  100
        45  101  101
        46  101  110
        47  101  111
        48  110  000
        49  110  001
        50  110  010
        51  110  011
        52  110  100
        53  110  101
        54  110  110
        55  110  111
        56  111  000
        57  111  001
        58  111  010
        59  111  011
        60  111  100
        61  111  101
        62  111  110
        63  111  111

[INFO] Progress: k0=23/64, k1=0/64, k0_xor_k1=0/64

[INFO] Attacking state register x0, bit 55
[INFO] This attack constrains key bit indices: [55, 10, 19]

[INFO] Finished CPA for x0[55]

Total number of groups: 1
Best group index: 0

group   hyp   k1    k0
------------------------
    0    0  000  000
         1  000  001
         2  000  010
         3  000  011
         4  000  100
         5  000  101
         6  000  110
         7  000  111
         8  001  000
         9  001  001
        10  001  010
        11  001  011
        12  001  100
        13  001  101
        14  001  110
        15  001  111
        16  010  000
        17  010  001
        18  010  010
        19  010  011
        20  010  100
        21  010  101
        22  010  110
        23  010  111
        24  011  000
        25  011  001
        26  011  010
        27  011  011
        28  011  100
        29  011  101
        30  011  110
        31  011  111
        32  100  000
        33  100  001
        34  100  010
        35  100  011
        36  100  100
        37  100  101
        38  100  110
        39  100  111
        40  101  000
        41  101  001
        42  101  010
        43  101  011
        44  101  100
        45  101  101
        46  101  110
        47  101  111
        48  110  000
        49  110  001
        50  110  010
        51  110  011
        52  110  100
        53  110  101
        54  110  110
        55  110  111
        56  111  000
        57  111  001
        58  111  010
        59  111  011
        60  111  100
        61  111  101
        62  111  110
        63  111  111

[INFO] Progress: k0=23/64, k1=0/64, k0_xor_k1=0/64

[INFO] Attacking state register x0, bit 23
[INFO] This attack constrains key bit indices: [23, 42, 51]

[INFO] Finished CPA for x0[23]

Total number of groups: 1
Best group index: 0

group   hyp   k1    k0
------------------------
    0    0  000  000
         1  000  001
         2  000  010
         3  000  011
         4  000  100
         5  000  101
         6  000  110
         7  000  111
         8  001  000
         9  001  001
        10  001  010
        11  001  011
        12  001  100
        13  001  101
        14  001  110
        15  001  111
        16  010  000
        17  010  001
        18  010  010
        19  010  011
        20  010  100
        21  010  101
        22  010  110
        23  010  111
        24  011  000
        25  011  001
        26  011  010
        27  011  011
        28  011  100
        29  011  101
        30  011  110
        31  011  111
        32  100  000
        33  100  001
        34  100  010
        35  100  011
        36  100  100
        37  100  101
        38  100  110
        39  100  111
        40  101  000
        41  101  001
        42  101  010
        43  101  011
        44  101  100
        45  101  101
        46  101  110
        47  101  111
        48  110  000
        49  110  001
        50  110  010
        51  110  011
        52  110  100
        53  110  101
        54  110  110
        55  110  111
        56  111  000
        57  111  001
        58  111  010
        59  111  011
        60  111  100
        61  111  101
        62  111  110
        63  111  111

[INFO] Progress: k0=23/64, k1=0/64, k0_xor_k1=0/64

[INFO] Attacking state register x0, bit 43
[INFO] This attack constrains key bit indices: [43, 62, 7]

[INFO] Finished CPA for x0[43]

Total number of groups: 1
Best group index: 0

group   hyp   k1    k0
------------------------
    0    0  000  000
         1  000  001
         2  000  010
         3  000  011
         4  000  100
         5  000  101
         6  000  110
         7  000  111
         8  001  000
         9  001  001
        10  001  010
        11  001  011
        12  001  100
        13  001  101
        14  001  110
        15  001  111
        16  010  000
        17  010  001
        18  010  010
        19  010  011
        20  010  100
        21  010  101
        22  010  110
        23  010  111
        24  011  000
        25  011  001
        26  011  010
        27  011  011
        28  011  100
        29  011  101
        30  011  110
        31  011  111
        32  100  000
        33  100  001
        34  100  010
        35  100  011
        36  100  100
        37  100  101
        38  100  110
        39  100  111
        40  101  000
        41  101  001
        42  101  010
        43  101  011
        44  101  100
        45  101  101
        46  101  110
        47  101  111
        48  110  000
        49  110  001
        50  110  010
        51  110  011
        52  110  100
        53  110  101
        54  110  110
        55  110  111
        56  111  000
        57  111  001
        58  111  010
        59  111  011
        60  111  100
        61  111  101
        62  111  110
        63  111  111

[INFO] Progress: k0=23/64, k1=0/64, k0_xor_k1=0/64

[INFO] Attacking state register x1, bit 8
[INFO] This attack constrains key bit indices: [8, 5, 47]

[INFO] Finished CPA for x1[8]

Total number of groups: 8
Best group index: 4

group   hyp   k1    k0
------------------------
    4    4  000  100
        12  001  100
        20  010  100
        28  011  100
        36  100  100
        44  101  100
        52  110  100
        60  111  100

[INFO] Recovered k0[8]=1
[INFO] Recovered k0[5]=0
[INFO] Recovered k0[47]=0
[INFO] Progress: k0=26/64, k1=0/64, k0_xor_k1=0/64

[INFO] Attacking state register x1, bit 38
[INFO] This attack constrains key bit indices: [38, 35, 13]

[INFO] Finished CPA for x1[38]

Total number of groups: 8
Best group index: 0

group   hyp   k1    k0
------------------------
    0    0  000  000
         8  001  000
        16  010  000
        24  011  000
        32  100  000
        40  101  000
        48  110  000
        56  111  000

[INFO] Recovered k0[35]=0
[INFO] Progress: k0=27/64, k1=0/64, k0_xor_k1=0/64

[INFO] Attacking state register x1, bit 3
[INFO] This attack constrains key bit indices: [3, 0, 42]

[INFO] Finished CPA for x1[3]

Total number of groups: 8
Best group index: 1

group   hyp   k1    k0
------------------------
    1    1  000  001
         9  001  001
        17  010  001
        25  011  001
        33  100  001
        41  101  001
        49  110  001
        57  111  001

[INFO] Recovered k0[3]=0
[WARN] Conflicting recovery for k0[0]: existing=1, new=0 (ignored)
[INFO] Recovered k0[42]=1
[INFO] Progress: k0=29/64, k1=0/64, k0_xor_k1=0/64

[INFO] Attacking state register x0, bit 50
[INFO] This attack constrains key bit indices: [50, 5, 14]

[INFO] Finished CPA for x0[50]

Total number of groups: 1
Best group index: 0

group   hyp   k1    k0
------------------------
    0    0  000  000
         1  000  001
         2  000  010
         3  000  011
         4  000  100
         5  000  101
         6  000  110
         7  000  111
         8  001  000
         9  001  001
        10  001  010
        11  001  011
        12  001  100
        13  001  101
        14  001  110
        15  001  111
        16  010  000
        17  010  001
        18  010  010
        19  010  011
        20  010  100
        21  010  101
        22  010  110
        23  010  111
        24  011  000
        25  011  001
        26  011  010
        27  011  011
        28  011  100
        29  011  101
        30  011  110
        31  011  111
        32  100  000
        33  100  001
        34  100  010
        35  100  011
        36  100  100
        37  100  101
        38  100  110
        39  100  111
        40  101  000
        41  101  001
        42  101  010
        43  101  011
        44  101  100
        45  101  101
        46  101  110
        47  101  111
        48  110  000
        49  110  001
        50  110  010
        51  110  011
        52  110  100
        53  110  101
        54  110  110
        55  110  111
        56  111  000
        57  111  001
        58  111  010
        59  111  011
        60  111  100
        61  111  101
        62  111  110
        63  111  111

[INFO] Progress: k0=29/64, k1=0/64, k0_xor_k1=0/64

[INFO] Attacking state register x0, bit 42
[INFO] This attack constrains key bit indices: [42, 61, 6]

[INFO] Finished CPA for x0[42]

Total number of groups: 1
Best group index: 0

group   hyp   k1    k0
------------------------
    0    0  000  000
         1  000  001
         2  000  010
         3  000  011
         4  000  100
         5  000  101
         6  000  110
         7  000  111
         8  001  000
         9  001  001
        10  001  010
        11  001  011
        12  001  100
        13  001  101
        14  001  110
        15  001  111
        16  010  000
        17  010  001
        18  010  010
        19  010  011
        20  010  100
        21  010  101
        22  010  110
        23  010  111
        24  011  000
        25  011  001
        26  011  010
        27  011  011
        28  011  100
        29  011  101
        30  011  110
        31  011  111
        32  100  000
        33  100  001
        34  100  010
        35  100  011
        36  100  100
        37  100  101
        38  100  110
        39  100  111
        40  101  000
        41  101  001
        42  101  010
        43  101  011
        44  101  100
        45  101  101
        46  101  110
        47  101  111
        48  110  000
        49  110  001
        50  110  010
        51  110  011
        52  110  100
        53  110  101
        54  110  110
        55  110  111
        56  111  000
        57  111  001
        58  111  010
        59  111  011
        60  111  100
        61  111  101
        62  111  110
        63  111  111

[INFO] Progress: k0=29/64, k1=0/64, k0_xor_k1=0/64

[INFO] Attacking state register x1, bit 9
[INFO] This attack constrains key bit indices: [9, 6, 48]

[INFO] Finished CPA for x1[9]

Total number of groups: 8
Best group index: 0

group   hyp   k1    k0
------------------------
    0    0  000  000
         8  001  000
        16  010  000
        24  011  000
        32  100  000
        40  101  000
        48  110  000
        56  111  000

[INFO] Recovered k0[9]=0
[INFO] Recovered k0[48]=0
[INFO] Progress: k0=31/64, k1=0/64, k0_xor_k1=0/64

[INFO] Attacking state register x0, bit 39
[INFO] This attack constrains key bit indices: [39, 58, 3]

[INFO] Finished CPA for x0[39]

Total number of groups: 1
Best group index: 0

group   hyp   k1    k0
------------------------
    0    0  000  000
         1  000  001
         2  000  010
         3  000  011
         4  000  100
         5  000  101
         6  000  110
         7  000  111
         8  001  000
         9  001  001
        10  001  010
        11  001  011
        12  001  100
        13  001  101
        14  001  110
        15  001  111
        16  010  000
        17  010  001
        18  010  010
        19  010  011
        20  010  100
        21  010  101
        22  010  110
        23  010  111
        24  011  000
        25  011  001
        26  011  010
        27  011  011
        28  011  100
        29  011  101
        30  011  110
        31  011  111
        32  100  000
        33  100  001
        34  100  010
        35  100  011
        36  100  100
        37  100  101
        38  100  110
        39  100  111
        40  101  000
        41  101  001
        42  101  010
        43  101  011
        44  101  100
        45  101  101
        46  101  110
        47  101  111
        48  110  000
        49  110  001
        50  110  010
        51  110  011
        52  110  100
        53  110  101
        54  110  110
        55  110  111
        56  111  000
        57  111  001
        58  111  010
        59  111  011
        60  111  100
        61  111  101
        62  111  110
        63  111  111

[INFO] Progress: k0=31/64, k1=0/64, k0_xor_k1=0/64

[INFO] Attacking state register x0, bit 15
[INFO] This attack constrains key bit indices: [15, 34, 43]

[INFO] Finished CPA for x0[15]

Total number of groups: 1
Best group index: 0

group   hyp   k1    k0
------------------------
    0    0  000  000
         1  000  001
         2  000  010
         3  000  011
         4  000  100
         5  000  101
         6  000  110
         7  000  111
         8  001  000
         9  001  001
        10  001  010
        11  001  011
        12  001  100
        13  001  101
        14  001  110
        15  001  111
        16  010  000
        17  010  001
        18  010  010
        19  010  011
        20  010  100
        21  010  101
        22  010  110
        23  010  111
        24  011  000
        25  011  001
        26  011  010
        27  011  011
        28  011  100
        29  011  101
        30  011  110
        31  011  111
        32  100  000
        33  100  001
        34  100  010
        35  100  011
        36  100  100
        37  100  101
        38  100  110
        39  100  111
        40  101  000
        41  101  001
        42  101  010
        43  101  011
        44  101  100
        45  101  101
        46  101  110
        47  101  111
        48  110  000
        49  110  001
        50  110  010
        51  110  011
        52  110  100
        53  110  101
        54  110  110
        55  110  111
        56  111  000
        57  111  001
        58  111  010
        59  111  011
        60  111  100
        61  111  101
        62  111  110
        63  111  111

[INFO] Progress: k0=31/64, k1=0/64, k0_xor_k1=0/64

[INFO] Attacking state register x1, bit 45
[INFO] This attack constrains key bit indices: [45, 42, 20]

[INFO] Finished CPA for x1[45]

Total number of groups: 8
Best group index: 2

group   hyp   k1    k0
------------------------
    2    2  000  010
        10  001  010
        18  010  010
        26  011  010
        34  100  010
        42  101  010
        50  110  010
        58  111  010

[INFO] Recovered k0[45]=0
[INFO] Recovered k0[20]=0
[INFO] Progress: k0=33/64, k1=0/64, k0_xor_k1=0/64

[INFO] Attacking state register x1, bit 18
[INFO] This attack constrains key bit indices: [18, 15, 57]

[INFO] Finished CPA for x1[18]

Total number of groups: 8
Best group index: 1

group   hyp   k1    k0
------------------------
    1    1  000  001
         9  001  001
        17  010  001
        25  011  001
        33  100  001
        41  101  001
        49  110  001
        57  111  001

[INFO] Recovered k0[18]=0
[INFO] Recovered k0[15]=0
[INFO] Recovered k0[57]=1
[INFO] Progress: k0=36/64, k1=0/64, k0_xor_k1=0/64

[INFO] Attacking state register x0, bit 57
[INFO] This attack constrains key bit indices: [57, 12, 21]

[INFO] Finished CPA for x0[57]

Total number of groups: 1
Best group index: 0

group   hyp   k1    k0
------------------------
    0    0  000  000
         1  000  001
         2  000  010
         3  000  011
         4  000  100
         5  000  101
         6  000  110
         7  000  111
         8  001  000
         9  001  001
        10  001  010
        11  001  011
        12  001  100
        13  001  101
        14  001  110
        15  001  111
        16  010  000
        17  010  001
        18  010  010
        19  010  011
        20  010  100
        21  010  101
        22  010  110
        23  010  111
        24  011  000
        25  011  001
        26  011  010
        27  011  011
        28  011  100
        29  011  101
        30  011  110
        31  011  111
        32  100  000
        33  100  001
        34  100  010
        35  100  011
        36  100  100
        37  100  101
        38  100  110
        39  100  111
        40  101  000
        41  101  001
        42  101  010
        43  101  011
        44  101  100
        45  101  101
        46  101  110
        47  101  111
        48  110  000
        49  110  001
        50  110  010
        51  110  011
        52  110  100
        53  110  101
        54  110  110
        55  110  111
        56  111  000
        57  111  001
        58  111  010
        59  111  011
        60  111  100
        61  111  101
        62  111  110
        63  111  111

[INFO] Progress: k0=36/64, k1=0/64, k0_xor_k1=0/64

[INFO] Attacking state register x0, bit 52
[INFO] This attack constrains key bit indices: [52, 7, 16]

[INFO] Finished CPA for x0[52]

Total number of groups: 1
Best group index: 0

group   hyp   k1    k0
------------------------
    0    0  000  000
         1  000  001
         2  000  010
         3  000  011
         4  000  100
         5  000  101
         6  000  110
         7  000  111
         8  001  000
         9  001  001
        10  001  010
        11  001  011
        12  001  100
        13  001  101
        14  001  110
        15  001  111
        16  010  000
        17  010  001
        18  010  010
        19  010  011
        20  010  100
        21  010  101
        22  010  110
        23  010  111
        24  011  000
        25  011  001
        26  011  010
        27  011  011
        28  011  100
        29  011  101
        30  011  110
        31  011  111
        32  100  000
        33  100  001
        34  100  010
        35  100  011
        36  100  100
        37  100  101
        38  100  110
        39  100  111
        40  101  000
        41  101  001
        42  101  010
        43  101  011
        44  101  100
        45  101  101
        46  101  110
        47  101  111
        48  110  000
        49  110  001
        50  110  010
        51  110  011
        52  110  100
        53  110  101
        54  110  110
        55  110  111
        56  111  000
        57  111  001
        58  111  010
        59  111  011
        60  111  100
        61  111  101
        62  111  110
        63  111  111

[INFO] Progress: k0=36/64, k1=0/64, k0_xor_k1=0/64

[INFO] Attacking state register x1, bit 12
[INFO] This attack constrains key bit indices: [12, 9, 51]

[INFO] Finished CPA for x1[12]

Total number of groups: 8
Best group index: 0

group   hyp   k1    k0
------------------------
    0    0  000  000
         8  001  000
        16  010  000
        24  011  000
        32  100  000
        40  101  000
        48  110  000
        56  111  000

[INFO] Recovered k0[12]=0
[INFO] Recovered k0[51]=0
[INFO] Progress: k0=38/64, k1=0/64, k0_xor_k1=0/64

[INFO] Attacking state register x1, bit 30
[INFO] This attack constrains key bit indices: [30, 27, 5]

[INFO] Finished CPA for x1[30]

Total number of groups: 8
Best group index: 0

group   hyp   k1    k0
------------------------
    0    0  000  000
         8  001  000
        16  010  000
        24  011  000
        32  100  000
        40  101  000
        48  110  000
        56  111  000

[INFO] Recovered k0[30]=0
[INFO] Recovered k0[27]=0
[INFO] Progress: k0=40/64, k1=0/64, k0_xor_k1=0/64

[INFO] Attacking state register x1, bit 48
[INFO] This attack constrains key bit indices: [48, 45, 23]

[INFO] Finished CPA for x1[48]

Total number of groups: 8
Best group index: 0

group   hyp   k1    k0
------------------------
    0    0  000  000
         8  001  000
        16  010  000
        24  011  000
        32  100  000
        40  101  000
        48  110  000
        56  111  000

[INFO] Recovered k0[23]=0
[INFO] Progress: k0=41/64, k1=0/64, k0_xor_k1=0/64

[INFO] Attacking state register x0, bit 12
[INFO] This attack constrains key bit indices: [12, 31, 40]

[INFO] Finished CPA for x0[12]

Total number of groups: 1
Best group index: 0

group   hyp   k1    k0
------------------------
    0    0  000  000
         1  000  001
         2  000  010
         3  000  011
         4  000  100
         5  000  101
         6  000  110
         7  000  111
         8  001  000
         9  001  001
        10  001  010
        11  001  011
        12  001  100
        13  001  101
        14  001  110
        15  001  111
        16  010  000
        17  010  001
        18  010  010
        19  010  011
        20  010  100
        21  010  101
        22  010  110
        23  010  111
        24  011  000
        25  011  001
        26  011  010
        27  011  011
        28  011  100
        29  011  101
        30  011  110
        31  011  111
        32  100  000
        33  100  001
        34  100  010
        35  100  011
        36  100  100
        37  100  101
        38  100  110
        39  100  111
        40  101  000
        41  101  001
        42  101  010
        43  101  011
        44  101  100
        45  101  101
        46  101  110
        47  101  111
        48  110  000
        49  110  001
        50  110  010
        51  110  011
        52  110  100
        53  110  101
        54  110  110
        55  110  111
        56  111  000
        57  111  001
        58  111  010
        59  111  011
        60  111  100
        61  111  101
        62  111  110
        63  111  111

[INFO] Progress: k0=41/64, k1=0/64, k0_xor_k1=0/64

[INFO] Attacking state register x1, bit 15
[INFO] This attack constrains key bit indices: [15, 12, 54]

[INFO] Finished CPA for x1[15]

Total number of groups: 8
Best group index: 0

group   hyp   k1    k0
------------------------
    0    0  000  000
         8  001  000
        16  010  000
        24  011  000
        32  100  000
        40  101  000
        48  110  000
        56  111  000

[INFO] Recovered k0[54]=0
[INFO] Progress: k0=42/64, k1=0/64, k0_xor_k1=0/64

[INFO] Attacking state register x1, bit 23
[INFO] This attack constrains key bit indices: [23, 20, 62]

[INFO] Finished CPA for x1[23]

Total number of groups: 8
Best group index: 0

group   hyp   k1    k0
------------------------
    0    0  000  000
         8  001  000
        16  010  000
        24  011  000
        32  100  000
        40  101  000
        48  110  000
        56  111  000

[INFO] Progress: k0=42/64, k1=0/64, k0_xor_k1=0/64

[INFO] Attacking state register x1, bit 19
[INFO] This attack constrains key bit indices: [19, 16, 58]

[INFO] Finished CPA for x1[19]

Total number of groups: 8
Best group index: 1

group   hyp   k1    k0
------------------------
    1    1  000  001
         9  001  001
        17  010  001
        25  011  001
        33  100  001
        41  101  001
        49  110  001
        57  111  001

[INFO] Recovered k0[19]=0
[INFO] Recovered k0[16]=0
[INFO] Recovered k0[58]=1
[INFO] Progress: k0=45/64, k1=0/64, k0_xor_k1=0/64

[INFO] Attacking state register x1, bit 43
[INFO] This attack constrains key bit indices: [43, 40, 18]

[INFO] Finished CPA for x1[43]

Total number of groups: 8
Best group index: 3

group   hyp   k1    k0
------------------------
    3    3  000  011
        11  001  011
        19  010  011
        27  011  011
        35  100  011
        43  101  011
        51  110  011
        59  111  011

[INFO] Recovered k0[43]=0
[WARN] Conflicting recovery for k0[18]: existing=0, new=1 (ignored)
[INFO] Progress: k0=46/64, k1=0/64, k0_xor_k1=0/64

[INFO] Attacking state register x0, bit 21
[INFO] This attack constrains key bit indices: [21, 40, 49]

[INFO] Finished CPA for x0[21]

Total number of groups: 1
Best group index: 0

group   hyp   k1    k0
------------------------
    0    0  000  000
         1  000  001
         2  000  010
         3  000  011
         4  000  100
         5  000  101
         6  000  110
         7  000  111
         8  001  000
         9  001  001
        10  001  010
        11  001  011
        12  001  100
        13  001  101
        14  001  110
        15  001  111
        16  010  000
        17  010  001
        18  010  010
        19  010  011
        20  010  100
        21  010  101
        22  010  110
        23  010  111
        24  011  000
        25  011  001
        26  011  010
        27  011  011
        28  011  100
        29  011  101
        30  011  110
        31  011  111
        32  100  000
        33  100  001
        34  100  010
        35  100  011
        36  100  100
        37  100  101
        38  100  110
        39  100  111
        40  101  000
        41  101  001
        42  101  010
        43  101  011
        44  101  100
        45  101  101
        46  101  110
        47  101  111
        48  110  000
        49  110  001
        50  110  010
        51  110  011
        52  110  100
        53  110  101
        54  110  110
        55  110  111
        56  111  000
        57  111  001
        58  111  010
        59  111  011
        60  111  100
        61  111  101
        62  111  110
        63  111  111

[INFO] Progress: k0=46/64, k1=0/64, k0_xor_k1=0/64

[INFO] Attacking state register x1, bit 24
[INFO] This attack constrains key bit indices: [24, 21, 63]

[INFO] Finished CPA for x1[24]

Total number of groups: 8
Best group index: 4

group   hyp   k1    k0
------------------------
    4    4  000  100
        12  001  100
        20  010  100
        28  011  100
        36  100  100
        44  101  100
        52  110  100
        60  111  100

[INFO] Recovered k0[24]=1
[INFO] Recovered k0[21]=0
[INFO] Progress: k0=48/64, k1=0/64, k0_xor_k1=0/64

[INFO] Attacking state register x1, bit 46
[INFO] This attack constrains key bit indices: [46, 43, 21]

[INFO] Finished CPA for x1[46]

Total number of groups: 8
Best group index: 0

group   hyp   k1    k0
------------------------
    0    0  000  000
         8  001  000
        16  010  000
        24  011  000
        32  100  000
        40  101  000
        48  110  000
        56  111  000

[INFO] Recovered k0[46]=0
[INFO] Progress: k0=49/64, k1=0/64, k0_xor_k1=0/64

[INFO] Attacking state register x0, bit 59
[INFO] This attack constrains key bit indices: [59, 14, 23]

[INFO] Finished CPA for x0[59]

Total number of groups: 1
Best group index: 0

group   hyp   k1    k0
------------------------
    0    0  000  000
         1  000  001
         2  000  010
         3  000  011
         4  000  100
         5  000  101
         6  000  110
         7  000  111
         8  001  000
         9  001  001
        10  001  010
        11  001  011
        12  001  100
        13  001  101
        14  001  110
        15  001  111
        16  010  000
        17  010  001
        18  010  010
        19  010  011
        20  010  100
        21  010  101
        22  010  110
        23  010  111
        24  011  000
        25  011  001
        26  011  010
        27  011  011
        28  011  100
        29  011  101
        30  011  110
        31  011  111
        32  100  000
        33  100  001
        34  100  010
        35  100  011
        36  100  100
        37  100  101
        38  100  110
        39  100  111
        40  101  000
        41  101  001
        42  101  010
        43  101  011
        44  101  100
        45  101  101
        46  101  110
        47  101  111
        48  110  000
        49  110  001
        50  110  010
        51  110  011
        52  110  100
        53  110  101
        54  110  110
        55  110  111
        56  111  000
        57  111  001
        58  111  010
        59  111  011
        60  111  100
        61  111  101
        62  111  110
        63  111  111

[INFO] Progress: k0=49/64, k1=0/64, k0_xor_k1=0/64

[INFO] Attacking state register x0, bit 25
[INFO] This attack constrains key bit indices: [25, 44, 53]

[INFO] Finished CPA for x0[25]

Total number of groups: 1
Best group index: 0

group   hyp   k1    k0
------------------------
    0    0  000  000
         1  000  001
         2  000  010
         3  000  011
         4  000  100
         5  000  101
         6  000  110
         7  000  111
         8  001  000
         9  001  001
        10  001  010
        11  001  011
        12  001  100
        13  001  101
        14  001  110
        15  001  111
        16  010  000
        17  010  001
        18  010  010
        19  010  011
        20  010  100
        21  010  101
        22  010  110
        23  010  111
        24  011  000
        25  011  001
        26  011  010
        27  011  011
        28  011  100
        29  011  101
        30  011  110
        31  011  111
        32  100  000
        33  100  001
        34  100  010
        35  100  011
        36  100  100
        37  100  101
        38  100  110
        39  100  111
        40  101  000
        41  101  001
        42  101  010
        43  101  011
        44  101  100
        45  101  101
        46  101  110
        47  101  111
        48  110  000
        49  110  001
        50  110  010
        51  110  011
        52  110  100
        53  110  101
        54  110  110
        55  110  111
        56  111  000
        57  111  001
        58  111  010
        59  111  011
        60  111  100
        61  111  101
        62  111  110
        63  111  111

[INFO] Progress: k0=49/64, k1=0/64, k0_xor_k1=0/64

[INFO] Attacking state register x0, bit 6
[INFO] This attack constrains key bit indices: [6, 25, 34]

[INFO] Finished CPA for x0[6]

Total number of groups: 1
Best group index: 0

group   hyp   k1    k0
------------------------
    0    0  000  000
         1  000  001
         2  000  010
         3  000  011
         4  000  100
         5  000  101
         6  000  110
         7  000  111
         8  001  000
         9  001  001
        10  001  010
        11  001  011
        12  001  100
        13  001  101
        14  001  110
        15  001  111
        16  010  000
        17  010  001
        18  010  010
        19  010  011
        20  010  100
        21  010  101
        22  010  110
        23  010  111
        24  011  000
        25  011  001
        26  011  010
        27  011  011
        28  011  100
        29  011  101
        30  011  110
        31  011  111
        32  100  000
        33  100  001
        34  100  010
        35  100  011
        36  100  100
        37  100  101
        38  100  110
        39  100  111
        40  101  000
        41  101  001
        42  101  010
        43  101  011
        44  101  100
        45  101  101
        46  101  110
        47  101  111
        48  110  000
        49  110  001
        50  110  010
        51  110  011
        52  110  100
        53  110  101
        54  110  110
        55  110  111
        56  111  000
        57  111  001
        58  111  010
        59  111  011
        60  111  100
        61  111  101
        62  111  110
        63  111  111

[INFO] Progress: k0=49/64, k1=0/64, k0_xor_k1=0/64

[INFO] Attacking state register x1, bit 44
[INFO] This attack constrains key bit indices: [44, 41, 19]

[INFO] Finished CPA for x1[44]

Total number of groups: 8
Best group index: 5

group   hyp   k1    k0
------------------------
    5    5  000  101
        13  001  101
        21  010  101
        29  011  101
        37  100  101
        45  101  101
        53  110  101
        61  111  101

[INFO] Recovered k0[44]=1
[WARN] Expected k0[44]=0 but got 1
[INFO] Recovered k0[41]=0
[WARN] Conflicting recovery for k0[19]: existing=0, new=1 (ignored)
[INFO] Progress: k0=51/64, k1=0/64, k0_xor_k1=0/64

[INFO] Attacking state register x0, bit 35
[INFO] This attack constrains key bit indices: [35, 54, 63]

[INFO] Finished CPA for x0[35]

Total number of groups: 1
Best group index: 0

group   hyp   k1    k0
------------------------
    0    0  000  000
         1  000  001
         2  000  010
         3  000  011
         4  000  100
         5  000  101
         6  000  110
         7  000  111
         8  001  000
         9  001  001
        10  001  010
        11  001  011
        12  001  100
        13  001  101
        14  001  110
        15  001  111
        16  010  000
        17  010  001
        18  010  010
        19  010  011
        20  010  100
        21  010  101
        22  010  110
        23  010  111
        24  011  000
        25  011  001
        26  011  010
        27  011  011
        28  011  100
        29  011  101
        30  011  110
        31  011  111
        32  100  000
        33  100  001
        34  100  010
        35  100  011
        36  100  100
        37  100  101
        38  100  110
        39  100  111
        40  101  000
        41  101  001
        42  101  010
        43  101  011
        44  101  100
        45  101  101
        46  101  110
        47  101  111
        48  110  000
        49  110  001
        50  110  010
        51  110  011
        52  110  100
        53  110  101
        54  110  110
        55  110  111
        56  111  000
        57  111  001
        58  111  010
        59  111  011
        60  111  100
        61  111  101
        62  111  110
        63  111  111

[INFO] Progress: k0=51/64, k1=0/64, k0_xor_k1=0/64

[INFO] Attacking state register x0, bit 8
[INFO] This attack constrains key bit indices: [8, 27, 36]

[INFO] Finished CPA for x0[8]

Total number of groups: 1
Best group index: 0

group   hyp   k1    k0
------------------------
    0    0  000  000
         1  000  001
         2  000  010
         3  000  011
         4  000  100
         5  000  101
         6  000  110
         7  000  111
         8  001  000
         9  001  001
        10  001  010
        11  001  011
        12  001  100
        13  001  101
        14  001  110
        15  001  111
        16  010  000
        17  010  001
        18  010  010
        19  010  011
        20  010  100
        21  010  101
        22  010  110
        23  010  111
        24  011  000
        25  011  001
        26  011  010
        27  011  011
        28  011  100
        29  011  101
        30  011  110
        31  011  111
        32  100  000
        33  100  001
        34  100  010
        35  100  011
        36  100  100
        37  100  101
        38  100  110
        39  100  111
        40  101  000
        41  101  001
        42  101  010
        43  101  011
        44  101  100
        45  101  101
        46  101  110
        47  101  111
        48  110  000
        49  110  001
        50  110  010
        51  110  011
        52  110  100
        53  110  101
        54  110  110
        55  110  111
        56  111  000
        57  111  001
        58  111  010
        59  111  011
        60  111  100
        61  111  101
        62  111  110
        63  111  111

[INFO] Progress: k0=51/64, k1=0/64, k0_xor_k1=0/64

[INFO] Attacking state register x0, bit 27
[INFO] This attack constrains key bit indices: [27, 46, 55]

[INFO] Finished CPA for x0[27]

Total number of groups: 1
Best group index: 0

group   hyp   k1    k0
------------------------
    0    0  000  000
         1  000  001
         2  000  010
         3  000  011
         4  000  100
         5  000  101
         6  000  110
         7  000  111
         8  001  000
         9  001  001
        10  001  010
        11  001  011
        12  001  100
        13  001  101
        14  001  110
        15  001  111
        16  010  000
        17  010  001
        18  010  010
        19  010  011
        20  010  100
        21  010  101
        22  010  110
        23  010  111
        24  011  000
        25  011  001
        26  011  010
        27  011  011
        28  011  100
        29  011  101
        30  011  110
        31  011  111
        32  100  000
        33  100  001
        34  100  010
        35  100  011
        36  100  100
        37  100  101
        38  100  110
        39  100  111
        40  101  000
        41  101  001
        42  101  010
        43  101  011
        44  101  100
        45  101  101
        46  101  110
        47  101  111
        48  110  000
        49  110  001
        50  110  010
        51  110  011
        52  110  100
        53  110  101
        54  110  110
        55  110  111
        56  111  000
        57  111  001
        58  111  010
        59  111  011
        60  111  100
        61  111  101
        62  111  110
        63  111  111

[INFO] Progress: k0=51/64, k1=0/64, k0_xor_k1=0/64

[INFO] Attacking state register x1, bit 40
[INFO] This attack constrains key bit indices: [40, 37, 15]

[INFO] Finished CPA for x1[40]

Total number of groups: 8
Best group index: 4

group   hyp   k1    k0
------------------------
    4    4  000  100
        12  001  100
        20  010  100
        28  011  100
        36  100  100
        44  101  100
        52  110  100
        60  111  100

[INFO] Recovered k0[37]=0
[INFO] Progress: k0=52/64, k1=0/64, k0_xor_k1=0/64

[INFO] Attacking state register x1, bit 20
[INFO] This attack constrains key bit indices: [20, 17, 59]

[INFO] Finished CPA for x1[20]

Total number of groups: 8
Best group index: 2

group   hyp   k1    k0
------------------------
    2    2  000  010
        10  001  010
        18  010  010
        26  011  010
        34  100  010
        42  101  010
        50  110  010
        58  111  010

[INFO] Recovered k0[17]=1
[INFO] Recovered k0[59]=0
[INFO] Progress: k0=54/64, k1=0/64, k0_xor_k1=0/64

[INFO] Attacking state register x0, bit 45
[INFO] This attack constrains key bit indices: [45, 0, 9]

[INFO] Finished CPA for x0[45]

Total number of groups: 1
Best group index: 0

group   hyp   k1    k0
------------------------
    0    0  000  000
         1  000  001
         2  000  010
         3  000  011
         4  000  100
         5  000  101
         6  000  110
         7  000  111
         8  001  000
         9  001  001
        10  001  010
        11  001  011
        12  001  100
        13  001  101
        14  001  110
        15  001  111
        16  010  000
        17  010  001
        18  010  010
        19  010  011
        20  010  100
        21  010  101
        22  010  110
        23  010  111
        24  011  000
        25  011  001
        26  011  010
        27  011  011
        28  011  100
        29  011  101
        30  011  110
        31  011  111
        32  100  000
        33  100  001
        34  100  010
        35  100  011
        36  100  100
        37  100  101
        38  100  110
        39  100  111
        40  101  000
        41  101  001
        42  101  010
        43  101  011
        44  101  100
        45  101  101
        46  101  110
        47  101  111
        48  110  000
        49  110  001
        50  110  010
        51  110  011
        52  110  100
        53  110  101
        54  110  110
        55  110  111
        56  111  000
        57  111  001
        58  111  010
        59  111  011
        60  111  100
        61  111  101
        62  111  110
        63  111  111

[INFO] Progress: k0=54/64, k1=0/64, k0_xor_k1=0/64

[INFO] Attacking state register x1, bit 2
[INFO] This attack constrains key bit indices: [2, 63, 41]

[INFO] Finished CPA for x1[2]

Total number of groups: 8
Best group index: 0

group   hyp   k1    k0
------------------------
    0    0  000  000
         8  001  000
        16  010  000
        24  011  000
        32  100  000
        40  101  000
        48  110  000
        56  111  000

[INFO] Recovered k0[2]=0
[INFO] Progress: k0=55/64, k1=0/64, k0_xor_k1=0/64

[INFO] Attacking state register x1, bit 42
[INFO] This attack constrains key bit indices: [42, 39, 17]

[INFO] Finished CPA for x1[42]

Total number of groups: 8
Best group index: 5

group   hyp   k1    k0
------------------------
    5    5  000  101
        13  001  101
        21  010  101
        29  011  101
        37  100  101
        45  101  101
        53  110  101
        61  111  101

[INFO] Progress: k0=55/64, k1=0/64, k0_xor_k1=0/64

[INFO] Attacking state register x1, bit 26
[INFO] This attack constrains key bit indices: [26, 23, 1]

[INFO] Finished CPA for x1[26]

Total number of groups: 8
Best group index: 0

group   hyp   k1    k0
------------------------
    0    0  000  000
         8  001  000
        16  010  000
        24  011  000
        32  100  000
        40  101  000
        48  110  000
        56  111  000

[INFO] Recovered k0[26]=0
[INFO] Progress: k0=56/64, k1=0/64, k0_xor_k1=0/64

[INFO] Attacking state register x1, bit 55
[INFO] This attack constrains key bit indices: [55, 52, 30]

[INFO] Finished CPA for x1[55]

Total number of groups: 8
Best group index: 0

group   hyp   k1    k0
------------------------
    0    0  000  000
         8  001  000
        16  010  000
        24  011  000
        32  100  000
        40  101  000
        48  110  000
        56  111  000

[INFO] Recovered k0[55]=0
[INFO] Progress: k0=57/64, k1=0/64, k0_xor_k1=0/64

[INFO] Attacking state register x1, bit 5
[INFO] This attack constrains key bit indices: [5, 2, 44]

[INFO] Finished CPA for x1[5]

Total number of groups: 8
Best group index: 1

group   hyp   k1    k0
------------------------
    1    1  000  001
         9  001  001
        17  010  001
        25  011  001
        33  100  001
        41  101  001
        49  110  001
        57  111  001

[INFO] Progress: k0=57/64, k1=0/64, k0_xor_k1=0/64

[INFO] Attacking state register x1, bit 4
[INFO] This attack constrains key bit indices: [4, 1, 43]

[INFO] Finished CPA for x1[4]

Total number of groups: 8
Best group index: 0

group   hyp   k1    k0
------------------------
    0    0  000  000
         8  001  000
        16  010  000
        24  011  000
        32  100  000
        40  101  000
        48  110  000
        56  111  000

[INFO] Recovered k0[4]=0
[INFO] Progress: k0=58/64, k1=0/64, k0_xor_k1=0/64

[INFO] Attacking state register x1, bit 37
[INFO] This attack constrains key bit indices: [37, 34, 12]

[INFO] Finished CPA for x1[37]

Total number of groups: 8
Best group index: 2

group   hyp   k1    k0
------------------------
    2    2  000  010
        10  001  010
        18  010  010
        26  011  010
        34  100  010
        42  101  010
        50  110  010
        58  111  010

[INFO] Recovered k0[34]=1
[INFO] Progress: k0=59/64, k1=0/64, k0_xor_k1=0/64

[INFO] Attacking state register x1, bit 28
[INFO] This attack constrains key bit indices: [28, 25, 3]

[INFO] Finished CPA for x1[28]

Total number of groups: 8
Best group index: 2

group   hyp   k1    k0
------------------------
    2    2  000  010
        10  001  010
        18  010  010
        26  011  010
        34  100  010
        42  101  010
        50  110  010
        58  111  010

[INFO] Recovered k0[25]=1
[INFO] Progress: k0=60/64, k1=0/64, k0_xor_k1=0/64

[INFO] Attacking state register x1, bit 11
[INFO] This attack constrains key bit indices: [11, 8, 50]

[INFO] Finished CPA for x1[11]

Total number of groups: 8
Best group index: 3

group   hyp   k1    k0
------------------------
    3    3  000  011
        11  001  011
        19  010  011
        27  011  011
        35  100  011
        43  101  011
        51  110  011
        59  111  011

[INFO] Recovered k0[50]=1
[INFO] Progress: k0=61/64, k1=0/64, k0_xor_k1=0/64

[INFO] Attacking state register x0, bit 3
[INFO] This attack constrains key bit indices: [3, 22, 31]

[INFO] Finished CPA for x0[3]

Total number of groups: 1
Best group index: 0

group   hyp   k1    k0
------------------------
    0    0  000  000
         1  000  001
         2  000  010
         3  000  011
         4  000  100
         5  000  101
         6  000  110
         7  000  111
         8  001  000
         9  001  001
        10  001  010
        11  001  011
        12  001  100
        13  001  101
        14  001  110
        15  001  111
        16  010  000
        17  010  001
        18  010  010
        19  010  011
        20  010  100
        21  010  101
        22  010  110
        23  010  111
        24  011  000
        25  011  001
        26  011  010
        27  011  011
        28  011  100
        29  011  101
        30  011  110
        31  011  111
        32  100  000
        33  100  001
        34  100  010
        35  100  011
        36  100  100
        37  100  101
        38  100  110
        39  100  111
        40  101  000
        41  101  001
        42  101  010
        43  101  011
        44  101  100
        45  101  101
        46  101  110
        47  101  111
        48  110  000
        49  110  001
        50  110  010
        51  110  011
        52  110  100
        53  110  101
        54  110  110
        55  110  111
        56  111  000
        57  111  001
        58  111  010
        59  111  011
        60  111  100
        61  111  101
        62  111  110
        63  111  111

[INFO] Progress: k0=61/64, k1=0/64, k0_xor_k1=0/64

[INFO] Attacking state register x1, bit 49
[INFO] This attack constrains key bit indices: [49, 46, 24]

[INFO] Finished CPA for x1[49]

Total number of groups: 8
Best group index: 5

group   hyp   k1    k0
------------------------
    5    5  000  101
        13  001  101
        21  010  101
        29  011  101
        37  100  101
        45  101  101
        53  110  101
        61  111  101

[INFO] Recovered k0[49]=1
[INFO] Progress: k0=62/64, k1=0/64, k0_xor_k1=0/64

[INFO] Attacking state register x1, bit 41
[INFO] This attack constrains key bit indices: [41, 38, 16]

[INFO] Finished CPA for x1[41]

Total number of groups: 8
Best group index: 0

group   hyp   k1    k0
------------------------
    0    0  000  000
         8  001  000
        16  010  000
        24  011  000
        32  100  000
        40  101  000
        48  110  000
        56  111  000

[INFO] Progress: k0=62/64, k1=0/64, k0_xor_k1=0/64

[INFO] Attacking state register x1, bit 29
[INFO] This attack constrains key bit indices: [29, 26, 4]

[INFO] Finished CPA for x1[29]

Total number of groups: 8
Best group index: 0

group   hyp   k1    k0
------------------------
    0    0  000  000
         8  001  000
        16  010  000
        24  011  000
        32  100  000
        40  101  000
        48  110  000
        56  111  000

[INFO] Progress: k0=62/64, k1=0/64, k0_xor_k1=0/64

[INFO] Attacking state register x0, bit 51
[INFO] This attack constrains key bit indices: [51, 6, 15]

[INFO] Finished CPA for x0[51]

Total number of groups: 1
Best group index: 0

group   hyp   k1    k0
------------------------
    0    0  000  000
         1  000  001
         2  000  010
         3  000  011
         4  000  100
         5  000  101
         6  000  110
         7  000  111
         8  001  000
         9  001  001
        10  001  010
        11  001  011
        12  001  100
        13  001  101
        14  001  110
        15  001  111
        16  010  000
        17  010  001
        18  010  010
        19  010  011
        20  010  100
        21  010  101
        22  010  110
        23  010  111
        24  011  000
        25  011  001
        26  011  010
        27  011  011
        28  011  100
        29  011  101
        30  011  110
        31  011  111
        32  100  000
        33  100  001
        34  100  010
        35  100  011
        36  100  100
        37  100  101
        38  100  110
        39  100  111
        40  101  000
        41  101  001
        42  101  010
        43  101  011
        44  101  100
        45  101  101
        46  101  110
        47  101  111
        48  110  000
        49  110  001
        50  110  010
        51  110  011
        52  110  100
        53  110  101
        54  110  110
        55  110  111
        56  111  000
        57  111  001
        58  111  010
        59  111  011
        60  111  100
        61  111  101
        62  111  110
        63  111  111

[INFO] Progress: k0=62/64, k1=0/64, k0_xor_k1=0/64

[INFO] Attacking state register x1, bit 59
[INFO] This attack constrains key bit indices: [59, 56, 34]

[INFO] Finished CPA for x1[59]

Total number of groups: 8
Best group index: 3

group   hyp   k1    k0
------------------------
    3    3  000  011
        11  001  011
        19  010  011
        27  011  011
        35  100  011
        43  101  011
        51  110  011
        59  111  011

[INFO] Recovered k0[56]=1
[INFO] Progress: k0=63/64, k1=0/64, k0_xor_k1=0/64

[INFO] Attacking state register x1, bit 16
[INFO] This attack constrains key bit indices: [16, 13, 55]

[INFO] Finished CPA for x1[16]

Total number of groups: 8
Best group index: 0

group   hyp   k1    k0
------------------------
    0    0  000  000
         8  001  000
        16  010  000
        24  011  000
        32  100  000
        40  101  000
        48  110  000
        56  111  000

[INFO] Progress: k0=63/64, k1=0/64, k0_xor_k1=0/64

[INFO] Attacking state register x1, bit 50
[INFO] This attack constrains key bit indices: [50, 47, 25]

[INFO] Finished CPA for x1[50]

Total number of groups: 8
Best group index: 5

group   hyp   k1    k0
------------------------
    5    5  000  101
        13  001  101
        21  010  101
        29  011  101
        37  100  101
        45  101  101
        53  110  101
        61  111  101

[INFO] Progress: k0=63/64, k1=0/64, k0_xor_k1=0/64

[INFO] Attacking state register x1, bit 47
[INFO] This attack constrains key bit indices: [47, 44, 22]

[INFO] Finished CPA for x1[47]

Total number of groups: 8
Best group index: 0

group   hyp   k1    k0
------------------------
    0    0  000  000
         8  001  000
        16  010  000
        24  011  000
        32  100  000
        40  101  000
        48  110  000
        56  111  000

[WARN] Conflicting recovery for k0[44]: existing=1, new=0 (ignored)
[INFO] Recovered k0[22]=0
[INFO] Progress: k0=64/64, k1=0/64, k0_xor_k1=0/64

[INFO] Attacking state register x1, bit 62
[INFO] This attack constrains key bit indices: [62, 59, 37]

[INFO] Finished CPA for x1[62]

Total number of groups: 8
Best group index: 0

group   hyp   k1    k0
------------------------
    0    0  000  000
         8  001  000
        16  010  000
        24  011  000
        32  100  000
        40  101  000
        48  110  000
        56  111  000

[INFO] Progress: k0=64/64, k1=0/64, k0_xor_k1=0/64

[INFO] Attacking state register x0, bit 49
[INFO] This attack constrains key bit indices: [49, 4, 13]

[INFO] Finished CPA for x0[49]

Total number of groups: 1
Best group index: 0

group   hyp   k1    k0
------------------------
    0    0  000  000
         1  000  001
         2  000  010
         3  000  011
         4  000  100
         5  000  101
         6  000  110
         7  000  111
         8  001  000
         9  001  001
        10  001  010
        11  001  011
        12  001  100
        13  001  101
        14  001  110
        15  001  111
        16  010  000
        17  010  001
        18  010  010
        19  010  011
        20  010  100
        21  010  101
        22  010  110
        23  010  111
        24  011  000
        25  011  001
        26  011  010
        27  011  011
        28  011  100
        29  011  101
        30  011  110
        31  011  111
        32  100  000
        33  100  001
        34  100  010
        35  100  011
        36  100  100
        37  100  101
        38  100  110
        39  100  111
        40  101  000
        41  101  001
        42  101  010
        43  101  011
        44  101  100
        45  101  101
        46  101  110
        47  101  111
        48  110  000
        49  110  001
        50  110  010
        51  110  011
        52  110  100
        53  110  101
        54  110  110
        55  110  111
        56  111  000
        57  111  001
        58  111  010
        59  111  011
        60  111  100
        61  111  101
        62  111  110
        63  111  111

[INFO] Progress: k0=64/64, k1=0/64, k0_xor_k1=0/64

[INFO] Attacking state register x1, bit 60
[INFO] This attack constrains key bit indices: [60, 57, 35]

[INFO] Finished CPA for x1[60]

Total number of groups: 8
Best group index: 2

group   hyp   k1    k0
------------------------
    2    2  000  010
        10  001  010
        18  010  010
        26  011  010
        34  100  010
        42  101  010
        50  110  010
        58  111  010

[INFO] Progress: k0=64/64, k1=0/64, k0_xor_k1=0/64

[INFO] Attacking state register x1, bit 27
[INFO] This attack constrains key bit indices: [27, 24, 2]

[INFO] Finished CPA for x1[27]

Total number of groups: 8
Best group index: 2

group   hyp   k1    k0
------------------------
    2    2  000  010
        10  001  010
        18  010  010
        26  011  010
        34  100  010
        42  101  010
        50  110  010
        58  111  010

[INFO] Progress: k0=64/64, k1=0/64, k0_xor_k1=0/64

[INFO] Attacking state register x1, bit 58
[INFO] This attack constrains key bit indices: [58, 55, 33]

[INFO] Finished CPA for x1[58]

Total number of groups: 8
Best group index: 4

group   hyp   k1    k0
------------------------
    4    4  000  100
        12  001  100
        20  010  100
        28  011  100
        36  100  100
        44  101  100
        52  110  100
        60  111  100

[INFO] Progress: k0=64/64, k1=0/64, k0_xor_k1=0/64

[INFO] Attacking state register x1, bit 22
[INFO] This attack constrains key bit indices: [22, 19, 61]

[INFO] Finished CPA for x1[22]

Total number of groups: 8
Best group index: 0

group   hyp   k1    k0
------------------------
    0    0  000  000
         8  001  000
        16  010  000
        24  011  000
        32  100  000
        40  101  000
        48  110  000
        56  111  000

[INFO] Progress: k0=64/64, k1=0/64, k0_xor_k1=0/64

[INFO] Attacking state register x1, bit 17
[INFO] This attack constrains key bit indices: [17, 14, 56]

[INFO] Finished CPA for x1[17]

Total number of groups: 8
Best group index: 5

group   hyp   k1    k0
------------------------
    5    5  000  101
        13  001  101
        21  010  101
        29  011  101
        37  100  101
        45  101  101
        53  110  101
        61  111  101

[INFO] Progress: k0=64/64, k1=0/64, k0_xor_k1=0/64

[INFO] Attacking state register x1, bit 10
[INFO] This attack constrains key bit indices: [10, 7, 49]

[INFO] Finished CPA for x1[10]

Total number of groups: 8
Best group index: 1

group   hyp   k1    k0
------------------------
    1    1  000  001
         9  001  001
        17  010  001
        25  011  001
        33  100  001
        41  101  001
        49  110  001
        57  111  001

[INFO] Progress: k0=64/64, k1=0/64, k0_xor_k1=0/64

[INFO] Attacking state register x1, bit 39
[INFO] This attack constrains key bit indices: [39, 36, 14]

[INFO] Finished CPA for x1[39]

Total number of groups: 8
Best group index: 0

group   hyp   k1    k0
------------------------
    0    0  000  000
         8  001  000
        16  010  000
        24  011  000
        32  100  000
        40  101  000
        48  110  000
        56  111  000

[INFO] Progress: k0=64/64, k1=0/64, k0_xor_k1=0/64

[INFO] Attacking state register x1, bit 57
[INFO] This attack constrains key bit indices: [57, 54, 32]

[INFO] Finished CPA for x1[57]

Total number of groups: 8
Best group index: 4

group   hyp   k1    k0
------------------------
    4    4  000  100
        12  001  100
        20  010  100
        28  011  100
        36  100  100
        44  101  100
        52  110  100
        60  111  100

[INFO] Progress: k0=64/64, k1=0/64, k0_xor_k1=0/64
Attack targets (parallel):  88%|########8 | 113/128 [00:23<00:00, 26.52it/s]
[INFO] Attacking state register x0, bit 48
[INFO] This attack constrains key bit indices: [48, 3, 12]

[INFO] Finished CPA for x0[48]

Total number of groups: 1
Best group index: 0

group   hyp   k1    k0
------------------------
    0    0  000  000
         1  000  001
         2  000  010
         3  000  011
         4  000  100
         5  000  101
         6  000  110
         7  000  111
         8  001  000
         9  001  001
        10  001  010
        11  001  011
        12  001  100
        13  001  101
        14  001  110
        15  001  111
        16  010  000
        17  010  001
        18  010  010
        19  010  011
        20  010  100
        21  010  101
        22  010  110
        23  010  111
        24  011  000
        25  011  001
        26  011  010
        27  011  011
        28  011  100
        29  011  101
        30  011  110
        31  011  111
        32  100  000
        33  100  001
        34  100  010
        35  100  011
        36  100  100
        37  100  101
        38  100  110
        39  100  111
        40  101  000
        41  101  001
        42  101  010
        43  101  011
        44  101  100
        45  101  101
        46  101  110
        47  101  111
        48  110  000
        49  110  001
        50  110  010
        51  110  011
        52  110  100
        53  110  101
        54  110  110
        55  110  111
        56  111  000
        57  111  001
        58  111  010
        59  111  011
        60  111  100
        61  111  101
        62  111  110
        63  111  111

[INFO] Progress: k0=64/64, k1=0/64, k0_xor_k1=0/64

[INFO] Attacking state register x1, bit 21
[INFO] This attack constrains key bit indices: [21, 18, 60]

[INFO] Finished CPA for x1[21]

Total number of groups: 8
Best group index: 0

group   hyp   k1    k0
------------------------
    0    0  000  000
         8  001  000
        16  010  000
        24  011  000
        32  100  000
        40  101  000
        48  110  000
        56  111  000

[INFO] Progress: k0=64/64, k1=0/64, k0_xor_k1=0/64

[INFO] Attacking state register x1, bit 52
[INFO] This attack constrains key bit indices: [52, 49, 27]

[INFO] Finished CPA for x1[52]

Total number of groups: 8
Best group index: 2

group   hyp   k1    k0
------------------------
    2    2  000  010
        10  001  010
        18  010  010
        26  011  010
        34  100  010
        42  101  010
        50  110  010
        58  111  010

[INFO] Progress: k0=64/64, k1=0/64, k0_xor_k1=0/64
Attack targets (parallel):  91%|######### | 116/128 [00:24<00:00, 24.49it/s]
[INFO] Attacking state register x1, bit 53
[INFO] This attack constrains key bit indices: [53, 50, 28]

[INFO] Finished CPA for x1[53]

Total number of groups: 8
Best group index: 2

group   hyp   k1    k0
------------------------
    2    2  000  010
        10  001  010
        18  010  010
        26  011  010
        34  100  010
        42  101  010
        50  110  010
        58  111  010

[INFO] Progress: k0=64/64, k1=0/64, k0_xor_k1=0/64

[INFO] Attacking state register x0, bit 11
[INFO] This attack constrains key bit indices: [11, 30, 39]

[INFO] Finished CPA for x0[11]

Total number of groups: 1
Best group index: 0

group   hyp   k1    k0
------------------------
    0    0  000  000
         1  000  001
         2  000  010
         3  000  011
         4  000  100
         5  000  101
         6  000  110
         7  000  111
         8  001  000
         9  001  001
        10  001  010
        11  001  011
        12  001  100
        13  001  101
        14  001  110
        15  001  111
        16  010  000
        17  010  001
        18  010  010
        19  010  011
        20  010  100
        21  010  101
        22  010  110
        23  010  111
        24  011  000
        25  011  001
        26  011  010
        27  011  011
        28  011  100
        29  011  101
        30  011  110
        31  011  111
        32  100  000
        33  100  001
        34  100  010
        35  100  011
        36  100  100
        37  100  101
        38  100  110
        39  100  111
        40  101  000
        41  101  001
        42  101  010
        43  101  011
        44  101  100
        45  101  101
        46  101  110
        47  101  111
        48  110  000
        49  110  001
        50  110  010
        51  110  011
        52  110  100
        53  110  101
        54  110  110
        55  110  111
        56  111  000
        57  111  001
        58  111  010
        59  111  011
        60  111  100
        61  111  101
        62  111  110
        63  111  111

[INFO] Progress: k0=64/64, k1=0/64, k0_xor_k1=0/64

[INFO] Attacking state register x1, bit 25
[INFO] This attack constrains key bit indices: [25, 22, 0]

[INFO] Finished CPA for x1[25]

Total number of groups: 8
Best group index: 5

group   hyp   k1    k0
------------------------
    5    5  000  101
        13  001  101
        21  010  101
        29  011  101
        37  100  101
        45  101  101
        53  110  101
        61  111  101

[INFO] Progress: k0=64/64, k1=0/64, k0_xor_k1=0/64

[INFO] Attacking state register x1, bit 7
[INFO] This attack constrains key bit indices: [7, 4, 46]

[INFO] Finished CPA for x1[7]

Total number of groups: 8
Best group index: 0

group   hyp   k1    k0
------------------------
    0    0  000  000
         8  001  000
        16  010  000
        24  011  000
        32  100  000
        40  101  000
        48  110  000
        56  111  000

[INFO] Progress: k0=64/64, k1=0/64, k0_xor_k1=0/64

[INFO] Attacking state register x1, bit 54
[INFO] This attack constrains key bit indices: [54, 51, 29]

[INFO] Finished CPA for x1[54]

Total number of groups: 8
Best group index: 0

group   hyp   k1    k0
------------------------
    0    0  000  000
         8  001  000
        16  010  000
        24  011  000
        32  100  000
        40  101  000
        48  110  000
        56  111  000

[INFO] Progress: k0=64/64, k1=0/64, k0_xor_k1=0/64

[INFO] Attacking state register x1, bit 56
[INFO] This attack constrains key bit indices: [56, 53, 31]

[INFO] Finished CPA for x1[56]

Total number of groups: 8
Best group index: 5

group   hyp   k1    k0
------------------------
    5    5  000  101
        13  001  101
        21  010  101
        29  011  101
        37  100  101
        45  101  101
        53  110  101
        61  111  101

[WARN] Conflicting recovery for k0[31]: existing=0, new=1 (ignored)
[INFO] Progress: k0=64/64, k1=0/64, k0_xor_k1=0/64
Attack targets (parallel):  95%|#########5| 122/128 [00:24<00:00, 26.06it/s]
[INFO] Attacking state register x1, bit 35
[INFO] This attack constrains key bit indices: [35, 32, 10]

[INFO] Finished CPA for x1[35]

Total number of groups: 8
Best group index: 0

group   hyp   k1    k0
------------------------
    0    0  000  000
         8  001  000
        16  010  000
        24  011  000
        32  100  000
        40  101  000
        48  110  000
        56  111  000

[INFO] Progress: k0=64/64, k1=0/64, k0_xor_k1=0/64

[INFO] Attacking state register x1, bit 6
[INFO] This attack constrains key bit indices: [6, 3, 45]

[INFO] Finished CPA for x1[6]

Total number of groups: 8
Best group index: 0

group   hyp   k1    k0
------------------------
    0    0  000  000
         8  001  000
        16  010  000
        24  011  000
        32  100  000
        40  101  000
        48  110  000
        56  111  000

[INFO] Progress: k0=64/64, k1=0/64, k0_xor_k1=0/64

[INFO] Attacking state register x1, bit 51
[INFO] This attack constrains key bit indices: [51, 48, 26]

[INFO] Finished CPA for x1[51]

Total number of groups: 8
Best group index: 0

group   hyp   k1    k0
------------------------
    0    0  000  000
         8  001  000
        16  010  000
        24  011  000
        32  100  000
        40  101  000
        48  110  000
        56  111  000

[INFO] Progress: k0=64/64, k1=0/64, k0_xor_k1=0/64

[INFO] Attacking state register x1, bit 34
[INFO] This attack constrains key bit indices: [34, 31, 9]

[INFO] Finished CPA for x1[34]

Total number of groups: 8
Best group index: 4

group   hyp   k1    k0
------------------------
    4    4  000  100
        12  001  100
        20  010  100
        28  011  100
        36  100  100
        44  101  100
        52  110  100
        60  111  100

[INFO] Progress: k0=64/64, k1=0/64, k0_xor_k1=0/64

[INFO] Attacking state register x1, bit 33
[INFO] This attack constrains key bit indices: [33, 30, 8]

[INFO] Finished CPA for x1[33]

Total number of groups: 8
Best group index: 1

group   hyp   k1    k0
------------------------
    1    1  000  001
         9  001  001
        17  010  001
        25  011  001
        33  100  001
        41  101  001
        49  110  001
        57  111  001

[INFO] Progress: k0=64/64, k1=0/64, k0_xor_k1=0/64

[INFO] Attacking state register x1, bit 61
[INFO] This attack constrains key bit indices: [61, 58, 36]

[INFO] Finished CPA for x1[61]

Total number of groups: 8
Best group index: 2

group   hyp   k1    k0
------------------------
    2    2  000  010
        10  001  010
        18  010  010
        26  011  010
        34  100  010
        42  101  010
        50  110  010
        58  111  010

[INFO] Progress: k0=64/64, k1=0/64, k0_xor_k1=0/64
Attack targets (parallel): 100%|##########| 128/128 [00:24<00:00,  5.29it/s]

[INFO] Key recovery attack completed in 0.43 minutes.

================= KEY CHECK =================
[INFO] Expected k0 : 0x0706050403020100
[INFO] Recovered k0: 0x0706150403020101  (64/64 bits recovered)
[INFO] Expected k1 : 0x0F0E0D0C0B0A0908
[INFO] Recovered k1: 0x0000000000000000  (0/64 bits recovered)
[INFO] Correct recovered bits:
       k0: 62/64 correct (among recovered)
       k1: 0/0 correct (among recovered)
[INFO] Full key match: N/A (not all bits recovered)
=============================================

[INFO] Saved success-rate plot to: /home/b.farnaghinejad/Side-Channel-Dojo/sw/sca_scripts/ASCON/sw/plot/lut_allouzi/ASCON_success_rate_vs_traces_S0_sbox_lut_allouzi.png
[INFO] Saved key-rank plot to: /home/b.farnaghinejad/Side-Channel-Dojo/sw/sca_scripts/ASCON/sw/plot/lut_allouzi/ASCON_key_rank_vs_traces_S0_sbox_lut_allouzi_bit_0.png
[INFO] Saved success-rate plot to: /home/b.farnaghinejad/Side-Channel-Dojo/sw/sca_scripts/ASCON/sw/plot/lut_allouzi/ASCON_success_rate_vs_traces_S1_sbox_lut_allouzi.png
[INFO] Saved key-rank plot to: /home/b.farnaghinejad/Side-Channel-Dojo/sw/sca_scripts/ASCON/sw/plot/lut_allouzi/ASCON_key_rank_vs_traces_S1_sbox_lut_allouzi_bit_0.png
[INFO] Extended overlapped plot series for lut_ascon from 10k to 150k using its last measured success-rate value.
[INFO] Saved overlapped success-rate plot to: /home/b.farnaghinejad/Side-Channel-Dojo/sw/sca_scripts/ASCON/sw/plot/ASCON_success_rate_vs_traces_overlapped_S0_150k.png
[INFO] Extended overlapped plot series for lut_ascon from 10k to 150k using its last measured success-rate value.
[INFO] Saved overlapped success-rate plot to: /home/b.farnaghinejad/Side-Channel-Dojo/sw/sca_scripts/ASCON/sw/plot/ASCON_success_rate_vs_traces_overlapped_S1_150k.png
[INFO] Plot generation completed in 0.02 minutes.

================= TIMING SUMMARY =================
[INFO] SNR stage                 : 0.00 minutes
[INFO] Success-rate/key-rank    : 28.50 minutes (generation)
[INFO] CPA attack stage          : 0.43 minutes
[INFO] Plot stage                : 0.02 minutes
[INFO] Total runtime             : 28.95 minutes
==================================================

--- DEBUG LOGS BELOW (if any) ---
