@00000000
6F 70 00 70 6F 00 C0 34 6F 00 80 34 6F 70 00 7C
6F 00 00 34 6F 00 C0 33 6F 00 80 33 6F 70 00 7E
6F 00 00 33 6F 00 C0 32 6F 00 80 32 6F 70 C0 24
6F 00 00 32 6F 00 C0 31 6F 00 80 31 6F 00 40 31
6F 70 C0 29 6F 70 00 2F 6F 70 40 34 6F 70 C0 65
6F 60 10 5D 6F 60 10 70 6F 70 C0 38 6F 70 00 3E
6F 70 40 43 6F 70 80 48 6F 70 C0 4D 6F 70 00 53
6F 70 80 58 6F 70 C0 5D 6F 00 80 2D 6F 00 40 2D
6F 00 00 30 6F 00 C0 2C 6F 00 80 2C 6F 00 40 2C
6F 00 00 2C 6F 00 C0 2B 6F 00 80 2B 6F 00 40 2B
6F 00 00 2B 6F 00 C0 2A 6F 00 80 2A 6F 00 40 2A
6F 00 00 2A 6F 00 C0 29 6F 00 80 29 6F 00 40 29
6F 00 00 29 6F 00 C0 28 6F 00 80 28 6F 00 40 28
6F 00 00 28 6F 00 C0 27 6F 00 80 27 6F 00 40 27
6F 00 00 27 6F 00 C0 26 6F 00 80 26 6F 00 40 26
6F 00 00 26 6F 00 C0 25 6F 00 80 25 6F 00 40 25
6F 00 00 25
@00000180
97 F1 00 00 93 81 C1 2F 17 21 01 00 13 01 81 EB
37 05 00 20 37 E6 F5 05 13 06 06 10 50 CD 13 85
C1 9C 13 86 81 BB 09 8E 81 45 EF 80 C0 29 17 05
00 00 13 05 25 E5 13 65 15 00 73 10 55 30 17 85
00 00 13 05 25 38 EF 80 00 37 EF 70 30 18 02 45
4C 00 01 46 EF 00 00 04 6F 00 60 01 EF 70 E0 64
82 80
@000001E4
41 11 7D 55 06 C6 EF 70 80 64 41 11 22 C4 06 C6
97 87 00 00 93 87 07 5B 2A 84 81 C7 81 45 EF 80
20 5A 83 A7 41 9D 91 C3 82 97 22 85 EF 70 20 62
6D 71 23 24 81 10 23 22 91 10 02 D8 02 DC 8D 44
05 44 23 08 91 02 23 0C 81 02 42 57 E2 57 08 08
23 26 11 10 02 CA 02 CE 3A C8 3E CC EF 60 D0 63
11 ED 82 C0 91 44 23 00 91 04 86 47 08 08 22 CA
02 CC 02 CE 3E C8 EF 60 30 62 05 C1 3D 65 A6 85
13 05 C5 96 EF 80 A0 6A 83 20 C1 10 03 24 81 10
83 24 41 10 05 45 51 61 82 80 BD 67 93 87 C7 C5
83 A8 07 00 03 A8 47 00 88 47 CC 47 90 4B D4 4B
98 4F DC 4F 23 20 21 11 CE DF D2 DD A3 03 01 02
C6 C8 C6 D8 46 C9 C2 CA C2 DA 42 CB AA CC AA DC
2A CD AE CE AE DE 2E CF B2 D0 32 C1 32 D1 B6 D2
36 C3 36 D3 BA D4 3A C5 B1 64 3A D5 93 84 04 35
BE D6 3E C7 3E D7 BE C7 46 D9 42 DB 2A DD 2E DF
B2 C1 B6 C3 BA C5 01 49 81 47 80 09 13 0A 01 07
93 09 01 05 89 EB 93 05 71 02 0D 45 EF 60 B0 74
83 47 71 02 C5 BF 41 48 81 48 52 C4 4E C2 02 C0
C2 86 46 87 1C 09 10 19 2C 10 22 85 39 2F 33 69
A9 00 31 A0 93 05 71 02 0D 45 EF 60 D0 71 83 47
71 02 ED FB 10 40 54 40 18 44 5C 44 FD 14 32 D9
36 DB 3A DD 3E DF C5 F8 4A 85 45 35 17 E5 00 00
13 05 55 54 EF 70 50 0F 6F F0 5F FF 17 E5 00 00
13 05 25 51 EF 70 50 0E 6F 00 40 00 73 25 10 34
13 05 45 00 73 10 15 34 73 00 20 30 73 00 20 30
79 71 06 D6 22 D4 00 18 23 2E A4 FC 23 26 04 FE
15 A8 93 86 81 9E 03 27 C4 FE BA 87 86 07 BA 97
8A 07 B6 97 9C 47 F8 53 85 47 63 18 F7 00 83 27
C4 FE 93 F7 F7 0F 3E 85 C1 20 83 27 C4 FE 85 07
23 26 F4 FE 83 27 C4 FE E3 55 F0 FC 01 00 B2 50
22 54 45 61 82 80 01 11 06 CE 22 CC 00 10 23 26
04 FE B1 A0 93 86 81 9E 03 27 C4 FE BA 87 86 07
BA 97 8A 07 B6 97 9C 47 B8 53 85 47 63 14 F7 02
93 86 81 9E 03 27 C4 FE BA 87 86 07 BA 97 8A 07
B6 97 05 47 23 82 E7 00 83 27 C4 FE 93 F7 F7 0F
3E 85 99 28 83 27 C4 FE 85 07 23 26 F4 FE 83 27
C4 FE E3 59 F0 FA 01 00 F2 40 62 44 05 61 82 80
79 71 06 D6 22 D4 00 18 AA 87 A3 0F F4 FC 03 47
F4 FD 93 86 81 9E BA 87 86 07 BA 97 8A 07 B6 97
9C 47 DC 4B 85 8B 23 26 F4 FE 83 27 C4 FE 3E 85
B2 50 22 54 45 61 82 80 01 11 06 CE 22 CC 00 10
AA 87 A3 07 F4 FE 01 00 F2 40 62 44 05 61 82 80
01 11 06 CE 22 CC 00 10 AA 87 A3 07 F4 FE 83 47
F4 FE 3E 85 F2 40 62 44 05 61 F9 B7 41 11 06 C6
22 C4 00 08 91 47 3E 85 B2 40 22 44 41 01 82 80
41 11 06 C6 22 C4 00 08 01 00 B2 40 22 44 41 01
82 80 41 11 06 C6 22 C4 00 08 B2 40 22 44 41 01
C5 B7 41 11 06 C6 22 C4 00 08 B2 40 22 44 41 01
C1 BF 41 11 06 C6 22 C4 00 08 B2 40 22 44 41 01
C1 B7 41 11 06 C6 22 C4 00 08 B2 40 22 44 41 01
45 BF 41 11 06 C6 22 C4 00 08 B2 40 22 44 41 01
45 B7 41 11 06 C6 22 C4 00 08 B2 40 22 44 41 01
41 BF 41 11 06 C6 22 C4 00 08 B2 40 22 44 41 01
41 B7 41 11 06 C6 22 C4 00 08 B2 40 22 44 41 01
85 BF 41 11 06 C6 22 C4 00 08 B2 40 22 44 41 01
85 B7 41 11 06 C6 22 C4 00 08 B2 40 22 44 41 01
81 BF 01 11 06 CE 22 CC 00 10 23 26 A4 FE 01 00
F2 40 62 44 05 61 82 80 01 11 06 CE 22 CC 00 10
23 26 A4 FE 01 00 F2 40 62 44 05 61 82 80 01 11
06 CE 22 CC 00 10 23 26 A4 FE 03 25 C4 FE F2 40
62 44 05 61 D1 BF 41 11 06 C6 22 C4 00 08 83 A7
C1 9B 93 87 C7 05 9C 43 01 00 B2 40 22 44 41 01
82 80 01 11 06 CE 22 CC 00 10 23 26 A4 FE 01 00
F2 40 62 44 05 61 82 80 01 11 06 CE 22 CC 00 10
23 26 A4 FE 03 25 C4 FE F2 40 62 44 05 61 69 B7
4C 51 2A 87 95 CD 54 59 1C 55 01 45 63 E3 F6 00
82 80 10 43 05 C6 8A 06 AE 96 21 A8 1C 56 9C C2
5C 5B 08 57 85 07 5C DB 93 96 27 00 63 F8 A7 00
AE 96 5C 4A A1 83 93 F7 F7 0F ED F3 05 45 82 80
01 45 82 80 41 11 26 C4 4A C2 06 C6 93 F7 05 01
2E 89 AA 84 99 CB 58 49 11 C7 54 55 83 47 85 01
63 E0 F6 0E 93 77 09 02 AD EF 93 77 89 00 9D E7
93 75 49 00 91 E5 B2 40 A2 44 12 49 41 01 82 80
26 85 BD 3F 6D D9 BC 40 FD D7 D4 58 D0 50 8C 58
C8 4C B2 40 A2 44 12 49 41 01 82 87 C8 4C 69 D9
9C 58 03 A8 04 02 E3 F5 07 FD 90 40 05 C6 93 96
27 00 AA 96 8C 42 93 08 70 04 31 A0 4C D6 9C D8
63 0A F8 00 8C 42 58 4A 85 07 91 06 13 77 F7 0F
E3 F6 E8 FE DC 5C C9 DF D4 58 D0 50 8C 58 82 97
41 BF 9C 40 81 CB 98 5F 13 77 07 FC 98 DF D8 43
75 9B D8 C3 26 85 29 37 9C 5C 11 47 98 C8 91 C7
D4 58 D0 50 8C 58 C8 4C 82 97 23 A6 04 02 23 A8
04 02 23 AA 04 02 23 AA 04 00 23 AC 04 00 23 AE
04 00 23 A0 04 02 23 A2 04 02 23 A4 04 02 23 AC
04 02 23 AE 04 02 23 A0 04 04 23 A2 04 04 25 BF
13 96 26 00 32 97 10 43 85 06 37 05 00 01 93 55
86 01 BD 89 13 D7 25 00 7D 15 95 8F 8D 89 B3 37
F0 00 66 07 EE 05 69 8E 03 A8 04 00 E2 07 4D 8F
7D 16 D9 8F 69 8E D4 D4 D1 8F E3 08 08 EE 13 D7
97 01 0D 8B 8D 46 63 0E D7 00 13 D6 B7 01 63 09
D6 00 03 27 48 01 E3 5A 07 EC 23 22 F8 02 F1 B5
6D DB 83 27 48 01 D1 B5 B7 07 09 20 23 A8 F1 9C
03 A7 07 18 12 05 3D 9B 59 8D 23 A0 A7 18 82 80
14 41 01 11 26 CC 06 CE AA 84 81 CA 9C 5E 93 F7
07 FC 9C DE DC 42 F5 9B DC C2 FC 40 99 C7 D4 58
D0 50 8C 58 C8 4C 82 97 94 40 23 A6 04 02 23 A8
04 02 23 AA 04 02 23 AA 04 00 23 AC 04 00 23 AE
04 00 23 A0 04 02 23 A2 04 02 23 A4 04 02 23 AC
04 02 23 AE 04 02 23 A0 04 04 23 A2 04 04 C1 C6
9C 4A 37 07 00 40 D9 8F 9C CA DC 4A 3E C6 B2 47
13 97 17 00 E3 4D 07 FE 83 47 C1 00 ED FB 83 47
D1 00 F5 F7 9C 4A 37 07 00 C0 7D 17 F9 8F 9C CA
9C 4A 37 06 00 80 37 07 00 20 D1 8F 9C CA 9C 4A
13 06 80 04 D9 8F 9C CA 9C 5A 93 E7 F7 01 9C DA
DC 42 93 E7 17 00 DC C2 83 C7 44 00 03 C7 54 00
63 6A F6 00 90 4A C1 75 93 85 F5 0F A2 07 6D 8E
D1 8F 9C CA 93 07 00 04 63 E7 E7 00 9C 4A 93 F7
07 F0 5D 8F 98 CA F2 40 A1 47 23 A4 04 00 9C C8
E2 44 05 61 82 80 5C 49 41 11 03 A8 05 00 3E C6
B2 47 B2 46 32 45 E5 83 32 47 85 8B 13 78 C8 FF
ED 82 32 46 33 68 F8 00 89 8A B2 47 B3 E6 06 01
49 81 CD 9A 11 89 5D 83 C9 8E 21 8B F9 83 55 8F
85 8B 93 56 F6 01 13 77 F7 FC 92 06 93 C7 17 00
55 8F 96 07 D9 8F 9C C1 41 01 82 80 9D 47 37 07
02 30 63 E4 A7 00 37 07 09 20 83 26 07 38 85 47
33 95 A7 00 13 45 F5 FF B3 F7 A6 00 23 20 F7 38
83 27 07 40 23 A8 E1 9C E9 8F 23 20 F7 40 83 27
07 48 E9 8F 23 20 F7 48 83 27 07 50 7D 8D 23 20
A7 50 82 80 9D 47 63 E3 A7 02 37 07 09 20 23 A8
E1 9C 14 47 06 05 8D 47 B3 97 A7 00 93 C7 F7 FF
B3 95 A5 00 F5 8F DD 8D 0C C7 82 80 37 07 02 30
23 A8 E1 9C BD 47 E3 FE A7 FC 41 15 54 47 06 05
8D 47 B3 97 A7 00 93 C7 F7 FF B3 95 A5 00 F5 8F
DD 8D 4C C7 82 80 AA 85 3D 65 41 11 13 05 05 99
06 C6 EF 70 D0 75 F3 25 30 34 3D 65 13 05 45 99
EF 70 F0 74 01 A0 BD 67 5D 71 93 87 C7 9A 86 C6
93 86 07 03 38 00 03 A8 07 00 C8 43 8C 47 D0 47
23 20 07 01 48 C3 0C C7 50 C7 C1 07 41 07 E3 94
D7 FE 94 43 83 C7 47 00 28 00 14 C3 23 02 F7 00
5D 37 BD 67 5D 71 93 87 47 9E 86 C6 93 86 07 03
78 00 03 A8 07 00 C8 43 8C 47 D0 47 23 20 07 01
48 C3 0C C7 50 C7 C1 07 41 07 E3 94 D7 FE 83 C7
07 00 68 00 23 00 F7 00 BD 37 1D 71 13 8E 06 01
26 53 A6 CC 3A CE BA 84 33 37 DE 00 6A DA 86 CE
CA CA CE C8 D2 C6 D6 C4 DA C2 DE C0 62 DE 66 DC
6E D8 26 97 36 CC 2A 8D 32 C6 3E CA 42 C4 23 A0
C5 01 96 56 46 C2 D8 C1 1A 86 81 47 01 48 01 45
FD 4E 13 0E 00 04 31 A8 81 4C 33 9B E5 00 B3 6C
98 01 33 6B 65 01 A1 07 05 06 66 88 5A 85 63 8A
C7 03 13 87 07 FE 83 45 06 00 B3 88 FE 40 E3 5D
07 FC 13 DB 15 00 B3 9C F5 00 33 5B 1B 01 B3 6C
98 01 33 6B 65 01 A1 07 05 06 66 88 5A 85 E3 9A
C7 FD 13 06 83 00 81 47 01 48 01 45 7D 4E 13 03
00 04 29 A8 B3 94 E8 00 81 45 33 67 B8 00 C9 8C
A1 07 05 06 3A 88 26 85 63 89 67 02 13 87 07 FE
83 48 06 00 B3 05 FE 40 E3 5E 07 FC 93 D4 18 00
B3 D4 B4 00 B3 95 F8 00 33 67 B8 00 C9 8C A1 07
05 06 3A 88 26 85 E3 9B 67 FC 3A C8 81 47 36 87
01 45 81 45 7D 43 93 08 00 04 31 A8 81 49 33 19
C8 00 B3 69 35 01 33 E9 25 01 A1 07 05 07 4E 85
CA 85 63 8A 17 03 13 86 07 FE 03 48 07 00 33 0E
F3 40 E3 5D 06 FC 13 59 18 00 B3 19 F8 00 33 59
C9 01 B3 69 35 01 33 E9 25 01 A1 07 05 07 4E 85
CA 85 E3 9A 17 FD A1 06 81 47 81 4A 01 4A 7D 48
13 05 00 04 21 A8 81 45 33 17 E6 00 A1 07 B3 EA
BA 00 33 6A EA 00 85 06 63 88 A7 02 13 87 07 FE
03 C6 06 00 B3 05 F8 40 E3 5F 07 FC 13 57 16 00
33 57 B7 00 B3 15 F6 00 A1 07 B3 EA BA 00 33 6A
EA 00 85 06 E3 9C A7 FC 05 45 F9 36 C2 47 33 4E
9B 00 B7 06 74 7F 93 CF 07 0F B3 C3 FC 01 7D 77
B7 02 8C 80 93 C8 F9 FF 13 48 F9 FF 93 C7 F3 FF
85 02 85 6E 13 4F FE FF F9 16 7D 17 93 C5 FC FF
13 46 FB FF 33 C3 3A 01 33 45 2A 01 B3 F8 58 01
B3 C6 DA 00 33 78 48 01 B3 CA 5A 00 33 47 EA 00
B3 F5 F5 01 33 4A DA 01 B3 F7 37 01 33 7F 2F 01
65 8E B3 C8 78 00 33 48 C8 01 B3 C5 55 01 33 46
46 01 93 4B F3 FF 93 43 F5 FF B3 C7 97 01 33 4F
6F 01 33 4F CF 00 AD 8F B3 C9 19 01 33 49 09 01
B3 FB 5B 01 B3 F3 43 01 B3 F6 96 01 B3 C6 66 00
B3 C3 23 01 B3 CB 3B 01 93 9F 37 00 93 59 DF 01
13 9E 97 01 13 53 7F 00 33 77 67 01 29 8F 13 1A
3F 00 13 15 9F 01 93 9A 63 01 93 DE AB 00 33 63
C3 01 13 D9 D7 01 13 DE 1B 01 93 D2 77 00 B3 E9
F9 01 93 9F F3 00 B5 8D 39 8E B3 E2 A2 00 B3 EF
CF 01 33 69 49 01 13 DE 13 01 13 9A 6B 01 13 95
FB 00 B3 EA DA 01 93 DE A3 00 33 65 C5 01 33 6A
DA 01 13 DE 35 01 93 1E D6 00 B3 EE CE 01 B3 C9
69 00 13 1E 46 00 13 D3 C5 01 33 6E 6E 00 B3 CA
FA 01 13 93 D5 00 93 5F 36 01 13 48 F8 FF 93 C8
F8 FF 33 49 59 00 33 63 F3 01 93 92 45 00 93 5F
C6 01 B3 E2 F2 01 33 4A AA 00 93 1F F8 01 13 D5
18 00 B3 CE CE 01 B3 EF AF 00 13 DE 68 00 13 15
A8 01 33 65 C5 01 B3 CF AF 00 13 9E F8 01 13 55
18 00 33 43 53 00 33 6E AE 00 93 92 A8 01 13 55
68 00 33 E5 A2 00 33 4E AE 00 93 12 97 01 13 D5
76 00 13 9C 76 01 B3 E2 A2 00 13 55 97 00 B3 C9
F9 00 33 65 85 01 93 57 77 00 13 9C 96 01 B3 C2
A2 00 B3 67 FC 00 13 D5 96 00 13 1C 77 01 33 65
85 01 A9 8F B3 CA 7A 01 B3 CF 1F 01 B3 CB BE 00
B3 C8 E7 00 B3 45 C3 00 01 45 33 4A 7A 00 B3 CD
D2 00 33 49 E9 01 33 4C 0E 01 2E D4 7E D2 46 D0
E1 32 82 58 92 5F A2 55 33 C8 BB 01 B3 C3 BA 01
B3 4E 1A 01 13 C5 1F 0E B3 C5 15 01 13 C6 F9 FF
93 C7 FA FF 13 47 F9 FF 93 46 FA FF B3 4B 35 01
13 CF FE FF 69 8E B3 F7 B7 01 33 45 2C 01 13 43
F8 FF 93 CF F3 FF 33 77 87 01 B3 F6 16 01 93 C8
F5 FF 33 46 06 01 B3 C7 77 01 B3 FF 0F 01 2D 8F
A9 8E 33 73 33 01 13 48 F5 FF B3 F8 28 01 B3 75
BF 00 33 43 73 00 B3 C8 D8 01 33 C5 FF 00 33 78
48 01 93 C7 F7 FF 33 49 27 01 13 CE FB FF B5 8D
93 C6 F6 FF 33 47 17 01 33 4F 36 01 93 DE 67 00
B3 49 28 01 33 46 66 00 13 D9 17 00 33 7E 5E 01
13 98 F6 01 93 9F A6 01 33 45 55 01 33 4E EE 01
B3 EF DF 01 93 5B 36 01 33 68 28 01 93 1A D7 00
B3 C5 45 01 13 1F 3E 00 93 13 9E 01 13 59 C6 01
93 D2 D9 01 13 DA 79 00 93 1E 47 00 33 48 F8 01
B3 EA 7A 01 93 1F 73 01 93 DB 98 00 33 6A 7A 00
B3 EE 2E 01 93 53 73 00 B3 EB FB 01 B3 E2 E2 01
93 5F A5 00 13 9F 98 01 13 99 65 01 33 6F 7F 00
33 69 F9 01 93 53 15 01 93 9F F5 00 B3 EF 7F 00
B3 C2 42 01 93 53 DE 01 13 9A 39 00 B3 CA DA 01
B3 E3 43 01 93 5E 7E 00 13 9A 99 01 B3 EE 4E 01
33 4F 7F 01 13 9A F7 01 93 DB 16 00 33 48 F8 00
33 6A 7A 01 EA 07 93 DB 66 00 B3 E7 77 01 33 49
F9 01 93 1B D6 00 93 5F 37 01 B3 EB FB 01 B3 C3
D3 01 93 5F C7 01 93 1E 46 00 B3 EE FE 01 33 4A
FA 00 93 1F 93 01 B3 C7 DB 01 13 5C 93 00 93 DE
78 00 93 9B 78 01 B3 C2 C2 01 B3 6B 7C 01 13 DE
A5 00 B3 EE DF 01 93 1F 65 01 B3 CE 7E 01 B3 EF
CF 01 93 1B F5 00 13 DE 15 01 B3 EB CB 01 B3 CF
7F 01 33 49 A9 00 B3 C3 33 01 B3 CF BF 00 33 4F
6F 00 33 45 DA 00 B3 CE 1E 01 13 48 28 0D 33 CE
CA 00 33 C3 E7 00 B3 4B 58 00 B3 C9 DF 01 33 4E
EE 01 33 4A E9 01 B3 4A 75 00 33 43 D3 01 13 C6
F2 FF 93 47 F9 FF 13 C7 F3 FF 93 C6 FF FF 33 76
06 01 93 C8 FB FF B3 F7 E7 01 13 48 FA FF 13 4F
FE FF 69 8F B3 F6 D6 01 13 C5 FA FF 93 4E F3 FF
93 C5 F9 FF 33 47 67 00 B3 C6 56 01 33 46 C6 01
B3 C7 77 01 33 7F 5F 00 B3 FE 7E 00 B3 F8 28 01
33 78 C8 01 33 75 F5 01 B3 F5 65 00 33 4A 4F 01
13 C3 F6 FF 33 CF 3E 01 39 8D B5 8D B3 C8 C8 00
33 48 F8 00 93 C7 F7 FF B3 46 75 00 B3 49 E7 01
B3 C8 58 00 33 C7 F5 01 33 46 46 01 93 DE 17 00
13 DE 67 00 93 15 F3 01 93 12 A3 01 33 48 28 01
13 95 38 00 93 93 98 01 B3 E2 C2 01 93 5B 36 01
13 D9 D6 01 93 DF 76 00 B3 E5 D5 01 13 9E D9 00
B3 EF 7F 00 33 69 A9 00 93 53 7A 00 13 15 9F 01
B3 C5 55 00 33 6E 7E 01 93 12 7A 01 93 5B 9F 00
93 5A C6 01 B3 EB 5B 00 93 9E 49 00 93 52 A8 00
33 65 75 00 93 13 67 01 B3 EE 5E 01 B3 E3 53 00
93 1A F7 00 93 52 18 01 B3 EA 5A 00 33 4E DE 01
93 D2 D8 01 93 9E 36 00 33 49 F9 01 B3 E2 D2 01
93 DF 78 00 93 9E 96 01 B3 EF DF 01 13 9C F7 01
93 5E 13 00 BD 8D 33 6C DC 01 EA 07 93 5E 63 00
B3 EE D7 01 B3 C3 53 01 93 17 D6 00 93 DA 39 01
B3 C2 F2 01 B3 E7 57 01 93 1F 46 00 93 DA C9 01
B3 EF 5F 01 33 4C DC 01 93 1A 9A 01 93 5E 7F 00
33 45 75 01 B3 EE DA 01 93 5B 9A 00 93 1A 7F 01
33 49 19 01 B3 C7 F7 01 B3 EA 5B 01 93 58 A7 00
93 1F 68 01 B3 CE 5E 01 B3 EF 1F 01 93 1A F8 00
93 58 17 01 B3 EA 1A 01 B3 CF 5F 01 B3 C3 03 01
B3 C2 D2 00 B3 CF EF 00 B3 CE EE 01 33 45 45 01
33 4C 6C 00 93 C5 35 0C 33 C3 37 01 33 4E CE 00
B3 CB 25 01 33 4E AE 00 B3 4A 5C 00 B3 C9 DF 01
33 CA A3 00 33 43 D3 01 13 46 F9 FF 93 C7 F3 FF
13 C7 F2 FF 93 C6 FF FF 6D 8E 93 C8 FB FF E9 8F
13 4F FE FF 13 48 FA FF 33 77 87 01 13 C5 FA FF
B3 F6 D6 01 93 C5 F9 FF 93 4E F3 FF 33 47 67 00
B3 C6 56 01 33 46 C6 01 B3 C7 77 01 33 7F 2F 01
B3 FE 5E 00 B3 F8 78 00 33 78 C8 01 33 75 F5 01
B3 F5 65 00 33 4A 4F 01 13 C3 F6 FF 33 CF 3E 01
39 8D B5 8D B3 C8 C8 00 33 48 F8 00 93 C7 F7 FF
B3 46 55 00 B3 49 E7 01 B3 C8 28 01 33 C7 F5 01
33 46 46 01 93 DE 17 00 13 DE 67 00 93 15 F3 01
93 12 A3 01 33 48 78 00 13 95 38 00 93 93 98 01
B3 E2 C2 01 93 5B 36 01 13 D9 D6 01 93 DF 76 00
B3 E5 D5 01 13 9E D9 00 B3 EF 7F 00 33 69 A9 00
93 53 7A 00 13 15 9F 01 B3 C5 55 00 33 6E 7E 01
93 12 7A 01 93 5B 9F 00 93 5A C6 01 B3 EB 5B 00
93 9E 49 00 93 52 A8 00 33 65 75 00 93 13 67 01
B3 EE 5E 01 B3 E3 53 00 93 1A F7 00 93 52 18 01
B3 EA 5A 00 33 4E DE 01 93 D2 D8 01 93 9E 36 00
33 49 F9 01 B3 E2 D2 01 93 DF 78 00 93 9E 96 01
B3 EF DF 01 13 9C F7 01 93 5E 13 00 BD 8D 33 6C
DC 01 EA 07 93 5E 63 00 B3 EE D7 01 B3 C3 53 01
93 17 D6 00 93 DA 39 01 B3 C2 F2 01 B3 E7 57 01
93 1F 46 00 93 DA C9 01 B3 EF 5F 01 33 4C DC 01
93 1A 9A 01 93 5E 7F 00 33 45 75 01 B3 EE DA 01
93 5B 9A 00 93 1A 7F 01 33 49 19 01 B3 C7 F7 01
B3 EA 5B 01 93 58 A7 00 93 1F 68 01 B3 CE 5E 01
B3 EF 1F 01 93 1A F8 00 93 58 17 01 B3 EA 1A 01
B3 CF 5F 01 B3 C3 03 01 B3 C2 D2 00 B3 CF EF 00
B3 CE EE 01 33 45 45 01 33 4C 6C 00 93 C5 45 0B
33 C3 37 01 33 4E CE 00 B3 CB 25 01 33 4E AE 00
B3 4A 5C 00 B3 C9 DF 01 33 CA A3 00 33 43 D3 01
13 46 F9 FF 93 C7 F3 FF 13 C7 F2 FF 93 C6 FF FF
6D 8E 93 C8 FB FF E9 8F 13 4F FE FF 13 48 FA FF
33 77 87 01 13 C5 FA FF B3 F6 D6 01 93 C5 F9 FF
93 4E F3 FF 33 47 67 00 B3 C6 56 01 33 46 C6 01
B3 C7 77 01 33 7F 2F 01 B3 FE 5E 00 B3 F8 78 00
33 78 C8 01 33 75 F5 01 B3 F5 65 00 33 4A 4F 01
13 C3 F6 FF 33 CF 3E 01 39 8D B5 8D B3 C8 C8 00
33 48 F8 00 93 C7 F7 FF B3 46 55 00 B3 49 E7 01
B3 C8 28 01 33 C7 F5 01 33 46 46 01 93 DE 17 00
13 DE 67 00 93 15 F3 01 93 12 A3 01 33 48 78 00
13 95 38 00 93 93 98 01 B3 E2 C2 01 93 5B 36 01
13 D9 D6 01 93 DF 76 00 B3 E5 D5 01 13 9E D9 00
B3 EF 7F 00 33 69 A9 00 93 53 7A 00 13 15 9F 01
B3 C5 55 00 33 6E 7E 01 93 12 7A 01 93 5B 9F 00
93 5A C6 01 B3 EB 5B 00 93 9E 49 00 93 52 A8 00
33 65 75 00 93 13 67 01 B3 EE 5E 01 B3 E3 53 00
93 1A F7 00 93 52 18 01 B3 EA 5A 00 33 4E DE 01
93 D2 D8 01 93 9E 36 00 33 49 F9 01 B3 E2 D2 01
93 DF 78 00 93 9E 96 01 B3 EF DF 01 13 9C F7 01
93 5E 13 00 BD 8D 33 6C DC 01 EA 07 93 5E 63 00
B3 EE D7 01 B3 C3 53 01 93 17 D6 00 93 DA 39 01
B3 C2 F2 01 B3 E7 57 01 93 1F 46 00 93 DA C9 01
B3 EF 5F 01 33 4C DC 01 93 1A 9A 01 93 5E 7F 00
33 45 75 01 B3 EE DA 01 93 5B 9A 00 93 1A 7F 01
33 49 19 01 B3 C7 F7 01 B3 EA 5B 01 93 58 A7 00
93 1F 68 01 B3 CE 5E 01 B3 EF 1F 01 93 1A F8 00
93 58 17 01 B3 EA 1A 01 B3 CF 5F 01 B3 C3 03 01
B3 C2 D2 00 B3 CF EF 00 B3 CE EE 01 33 45 45 01
33 4C 6C 00 93 C5 55 0A 33 C3 37 01 33 4E CE 00
B3 CB 25 01 33 4E AE 00 B3 4A 5C 00 B3 C9 DF 01
33 CA A3 00 33 43 D3 01 13 46 F9 FF 93 C7 F3 FF
13 C7 F2 FF 93 C6 FF FF 6D 8E 93 C8 FB FF E9 8F
13 4F FE FF 13 48 FA FF 33 77 87 01 13 C5 FA FF
B3 F6 D6 01 93 C5 F9 FF 93 4E F3 FF 33 47 67 00
B3 C6 56 01 33 46 C6 01 B3 C7 77 01 33 7F 2F 01
B3 FE 5E 00 B3 F8 78 00 33 78 C8 01 33 75 F5 01
B3 F5 65 00 33 4A 4F 01 13 C3 F6 FF 33 CF 3E 01
39 8D B5 8D B3 C8 C8 00 33 48 F8 00 93 C7 F7 FF
B3 46 55 00 B3 49 E7 01 B3 C8 28 01 33 C7 F5 01
33 46 46 01 93 DE 17 00 13 DE 67 00 93 15 F3 01
93 12 A3 01 33 48 78 00 13 95 38 00 93 93 98 01
B3 E2 C2 01 93 5B 36 01 13 D9 D6 01 93 DF 76 00
B3 E5 D5 01 13 9E D9 00 B3 EF 7F 00 33 69 A9 00
93 53 7A 00 13 15 9F 01 B3 C5 55 00 33 6E 7E 01
93 12 7A 01 93 5B 9F 00 93 5A C6 01 B3 EB 5B 00
93 9E 49 00 93 52 A8 00 33 65 75 00 93 13 67 01
B3 EE 5E 01 B3 E3 53 00 93 1A F7 00 93 52 18 01
B3 EA 5A 00 33 4E DE 01 93 D2 D8 01 93 9E 36 00
33 49 F9 01 B3 E2 D2 01 93 DF 78 00 93 9E 96 01
B3 EF DF 01 13 9C F7 01 93 5E 13 00 BD 8D 33 6C
DC 01 EA 07 93 5E 63 00 B3 EE D7 01 B3 C3 53 01
93 17 D6 00 93 DA 39 01 B3 C2 F2 01 B3 E7 57 01
93 1F 46 00 93 DA C9 01 B3 EF 5F 01 33 4C DC 01
93 1A 9A 01 93 5E 7F 00 33 45 75 01 B3 EE DA 01
93 5B 9A 00 93 1A 7F 01 33 49 19 01 B3 C7 F7 01
B3 EA 5B 01 93 58 A7 00 93 1F 68 01 B3 CE 5E 01
B3 EF 1F 01 93 1A F8 00 93 58 17 01 B3 EA 1A 01
B3 CF 5F 01 B3 C3 03 01 B3 C2 D2 00 B3 CF EF 00
B3 CE EE 01 33 45 45 01 33 4C 6C 00 93 C5 65 09
33 C3 37 01 33 4E CE 00 B3 CB 25 01 33 4E AE 00
B3 4A 5C 00 B3 C9 DF 01 33 CA A3 00 33 43 D3 01
13 46 F9 FF 93 C7 F3 FF 13 C7 F2 FF 93 C6 FF FF
6D 8E 93 C8 FB FF E9 8F 13 4F FE FF 13 48 FA FF
33 77 87 01 13 C5 FA FF B3 F6 D6 01 93 C5 F9 FF
93 4E F3 FF 33 47 67 00 B3 C6 56 01 33 46 C6 01
B3 C7 77 01 33 7F 2F 01 B3 FE 5E 00 B3 F8 78 00
33 78 C8 01 33 75 F5 01 B3 F5 65 00 33 4A 4F 01
13 C3 F6 FF 33 CF 3E 01 39 8D B5 8D B3 C8 C8 00
33 48 F8 00 93 C7 F7 FF B3 46 55 00 B3 49 E7 01
B3 C8 28 01 33 C7 F5 01 33 46 46 01 93 DE 17 00
13 DE 67 00 93 15 F3 01 93 12 A3 01 33 48 78 00
13 95 38 00 93 93 98 01 B3 E2 C2 01 93 5B 36 01
13 D9 D6 01 93 DF 76 00 B3 E5 D5 01 13 9E D9 00
B3 EF 7F 00 33 69 A9 00 93 53 7A 00 13 15 9F 01
B3 C5 55 00 33 6E 7E 01 93 12 7A 01 93 5B 9F 00
93 5A C6 01 B3 EB 5B 00 93 9E 49 00 93 52 A8 00
33 65 75 00 93 13 67 01 B3 EE 5E 01 B3 E3 53 00
93 1A F7 00 93 52 18 01 B3 EA 5A 00 33 4E DE 01
93 D2 D8 01 93 9E 36 00 33 49 F9 01 B3 E2 D2 01
93 DF 78 00 93 9E 96 01 B3 EF DF 01 13 9C F7 01
93 5E 13 00 BD 8D 33 6C DC 01 EA 07 93 5E 63 00
B3 EE D7 01 B3 C3 53 01 93 17 D6 00 93 DA 39 01
B3 C2 F2 01 B3 E7 57 01 93 1F 46 00 93 DA C9 01
B3 EF 5F 01 33 4C DC 01 93 1A 9A 01 93 5E 7F 00
33 45 75 01 B3 EE DA 01 93 5B 9A 00 93 1A 7F 01
33 49 19 01 B3 C7 F7 01 B3 EA 5B 01 93 58 A7 00
93 1F 68 01 B3 CE 5E 01 B3 EF 1F 01 93 1A F8 00
93 58 17 01 B3 EA 1A 01 B3 CF 5F 01 B3 C3 03 01
B3 C2 D2 00 B3 CF EF 00 B3 CE EE 01 33 45 45 01
33 4C 6C 00 93 C5 75 08 33 C3 37 01 33 4E CE 00
B3 CB 25 01 33 4E AE 00 B3 4A 5C 00 B3 C9 DF 01
33 CA A3 00 33 43 D3 01 13 46 F9 FF 93 C7 F3 FF
13 C7 F2 FF 93 C6 FF FF 6D 8E 93 C8 FB FF E9 8F
13 4F FE FF 13 48 FA FF 33 77 87 01 13 C5 FA FF
B3 F6 D6 01 93 C5 F9 FF 93 4E F3 FF 33 47 67 00
B3 C6 56 01 33 46 C6 01 B3 C7 77 01 33 7F 2F 01
B3 FE 5E 00 B3 F8 78 00 33 78 C8 01 33 75 F5 01
B3 F5 65 00 33 4A 4F 01 13 C3 F6 FF 33 CF 3E 01
39 8D B5 8D B3 C8 C8 00 33 48 F8 00 93 C7 F7 FF
B3 46 55 00 B3 49 E7 01 B3 C8 28 01 33 C7 F5 01
33 46 46 01 93 DE 17 00 13 DE 67 00 93 15 F3 01
93 12 A3 01 33 48 78 00 13 95 38 00 93 93 98 01
B3 E2 C2 01 93 5B 36 01 13 D9 D6 01 93 DF 76 00
B3 E5 D5 01 13 9E D9 00 B3 EF 7F 00 33 69 A9 00
93 53 7A 00 13 15 9F 01 B3 C5 55 00 33 6E 7E 01
93 12 7A 01 93 5B 9F 00 93 5A C6 01 B3 EB 5B 00
93 9E 49 00 93 52 A8 00 33 65 75 00 93 13 67 01
B3 EE 5E 01 B3 E3 53 00 93 1A F7 00 93 52 18 01
B3 EA 5A 00 33 4E DE 01 93 D2 D8 01 93 9E 36 00
33 49 F9 01 B3 E2 D2 01 93 DF 78 00 93 9E 96 01
B3 EF DF 01 13 9C F7 01 93 5E 13 00 BD 8D 33 6C
DC 01 EA 07 93 5E 63 00 B3 EE D7 01 B3 C3 53 01
93 17 D6 00 93 DA 39 01 B3 C2 F2 01 B3 E7 57 01
93 1F 46 00 93 DA C9 01 B3 EF 5F 01 33 4C DC 01
93 1A 9A 01 93 5E 7F 00 33 45 75 01 B3 EE DA 01
93 5B 9A 00 93 1A 7F 01 33 49 19 01 B3 C7 F7 01
B3 EA 5B 01 93 58 A7 00 93 1F 68 01 B3 CE 5E 01
B3 EF 1F 01 93 1A F8 00 93 58 17 01 B3 EA 1A 01
B3 CF 5F 01 B3 C3 03 01 B3 C2 D2 00 B3 CF EF 00
B3 CE EE 01 33 45 45 01 33 4C 6C 00 93 C5 85 07
33 C3 37 01 33 4E CE 00 B3 CB 25 01 33 4E AE 00
B3 4A 5C 00 B3 C9 DF 01 33 CA A3 00 33 43 D3 01
13 46 F9 FF 93 C7 F3 FF 13 C7 F2 FF 93 C6 FF FF
6D 8E 93 C8 FB FF E9 8F 13 4F FE FF 13 48 FA FF
33 77 87 01 13 C5 FA FF B3 F6 D6 01 93 C5 F9 FF
93 4E F3 FF 33 47 67 00 B3 C6 56 01 33 46 C6 01
B3 C7 77 01 33 7F 2F 01 B3 FE 5E 00 B3 F8 78 00
33 78 C8 01 33 75 F5 01 B3 F5 65 00 33 4A 4F 01
13 C3 F6 FF 33 CF 3E 01 39 8D B5 8D B3 C8 C8 00
33 48 F8 00 93 C7 F7 FF B3 46 55 00 B3 49 E7 01
B3 C8 28 01 33 C7 F5 01 33 46 46 01 93 DE 17 00
13 DE 67 00 93 15 F3 01 93 12 A3 01 33 48 78 00
13 95 38 00 93 93 98 01 B3 E2 C2 01 93 5B 36 01
13 D9 D6 01 93 DF 76 00 B3 E5 D5 01 13 9E D9 00
B3 EF 7F 00 33 69 A9 00 93 53 7A 00 13 15 9F 01
B3 C5 55 00 33 6E 7E 01 93 12 7A 01 93 5B 9F 00
93 5A C6 01 B3 EB 5B 00 93 9E 49 00 93 52 A8 00
33 65 75 00 93 13 67 01 B3 EE 5E 01 B3 E3 53 00
93 1A F7 00 93 52 18 01 B3 EA 5A 00 33 4E DE 01
93 D2 D8 01 93 9E 36 00 33 49 F9 01 B3 E2 D2 01
93 DF 78 00 93 9E 96 01 B3 EF DF 01 13 9C F7 01
93 5E 13 00 BD 8D 33 6C DC 01 EA 07 93 5E 63 00
B3 EE D7 01 B3 C3 53 01 93 17 D6 00 93 DA 39 01
B3 C2 F2 01 B3 E7 57 01 93 1F 46 00 93 DA C9 01
B3 EF 5F 01 33 4C DC 01 93 1A 9A 01 93 5E 7F 00
33 45 75 01 B3 EE DA 01 93 5B 9A 00 93 1A 7F 01
33 49 19 01 B3 C7 F7 01 B3 EA 5B 01 93 58 A7 00
93 1F 68 01 B3 CE 5E 01 B3 EF 1F 01 93 1A F8 00
93 58 17 01 B3 EA 1A 01 B3 CF 5F 01 B3 C3 03 01
B3 C2 D2 00 B3 CF EF 00 B3 CE EE 01 33 45 45 01
33 4C 6C 00 93 C5 95 06 33 C3 37 01 33 4E CE 00
B3 CB 25 01 33 4E AE 00 B3 4A 5C 00 B3 C9 DF 01
33 CA A3 00 33 43 D3 01 13 46 F9 FF 93 C7 F3 FF
13 C7 F2 FF 93 C6 FF FF 6D 8E 93 C8 FB FF E9 8F
13 4F FE FF 13 48 FA FF 33 77 87 01 13 C5 FA FF
B3 F6 D6 01 93 C5 F9 FF 93 4E F3 FF 33 47 67 00
B3 C6 56 01 33 46 C6 01 B3 C7 77 01 33 7F 2F 01
B3 FE 5E 00 B3 F8 78 00 33 78 C8 01 33 75 F5 01
B3 F5 65 00 33 4A 4F 01 13 C3 F6 FF 33 CF 3E 01
39 8D B5 8D B3 C8 C8 00 33 48 F8 00 93 C7 F7 FF
B3 46 55 00 B3 49 E7 01 B3 C8 28 01 33 C7 F5 01
33 46 46 01 93 DE 17 00 13 DE 67 00 93 15 F3 01
93 12 A3 01 33 48 78 00 13 95 38 00 93 93 98 01
B3 E2 C2 01 93 5B 36 01 13 D9 D6 01 93 DF 76 00
B3 E5 D5 01 13 9E D9 00 B3 EF 7F 00 33 69 A9 00
93 53 7A 00 13 15 9F 01 B3 C5 55 00 33 6E 7E 01
93 12 7A 01 93 5B 9F 00 93 5A C6 01 B3 EB 5B 00
93 9E 49 00 93 52 A8 00 33 65 75 00 93 13 67 01
B3 EE 5E 01 B3 E3 53 00 93 1A F7 00 93 52 18 01
B3 EA 5A 00 33 4E DE 01 93 D2 D8 01 93 9E 36 00
33 49 F9 01 B3 E2 D2 01 93 DF 78 00 93 9E 96 01
B3 EF DF 01 13 9C F7 01 93 5E 13 00 BD 8D 33 6C
DC 01 EA 07 93 5E 63 00 B3 EE D7 01 B3 C3 53 01
93 17 D6 00 93 DA 39 01 B3 C2 F2 01 B3 E7 57 01
93 1F 46 00 93 DA C9 01 B3 EF 5F 01 33 4C DC 01
93 1A 9A 01 93 5E 7F 00 33 45 75 01 B3 EE DA 01
93 5B 9A 00 93 1A 7F 01 33 49 19 01 B3 C7 F7 01
B3 EA 5B 01 93 58 A7 00 93 1F 68 01 B3 CE 5E 01
B3 EF 1F 01 93 1A F8 00 93 58 17 01 B3 EA 1A 01
B3 CF 5F 01 B3 C3 03 01 B3 C2 D2 00 B3 CF EF 00
B3 CE EE 01 33 45 45 01 33 4C 6C 00 93 C5 A5 05
33 C3 37 01 33 4E CE 00 B3 CB 25 01 33 4E AE 00
33 CA A3 00 B3 4A 5C 00 33 43 D3 01 13 46 F9 FF
93 C7 F3 FF 13 C7 F2 FF 93 C6 FF FF B3 C9 DF 01
6D 8E 93 C8 FB FF E9 8F 13 4F FE FF 13 48 FA FF
33 77 87 01 13 C5 FA FF B3 F6 D6 01 93 4E F3 FF
B3 C6 56 01 33 46 C6 01 B3 C7 77 01 33 7F 2F 01
33 78 C8 01 33 47 67 00 B3 FE 5E 00 93 C5 F9 FF
B3 F8 78 00 33 75 F5 01 B3 4A 4F 01 B3 C9 3E 01
13 CA F6 FF B3 F5 65 00 B3 C8 C8 00 33 43 F8 00
39 8D 93 C7 F7 FF 33 C8 28 01 33 46 56 01 33 47
37 01 33 CE D5 00 93 DE 17 00 B3 45 55 00 93 18
AA 01 13 D5 67 00 93 12 FA 01 B3 46 FE 01 33 43
73 00 13 1E 38 00 13 1F 98 01 B3 E8 A8 00 93 5B
36 01 93 D3 D5 01 93 DF 75 00 B3 E2 D2 01 13 15
D7 00 B3 EF EF 01 B3 E3 C3 01 13 DF 7A 00 13 9E
99 01 B3 C2 12 01 33 65 75 01 93 98 7A 01 93 DB
99 00 13 59 C6 01 B3 EB 1B 01 93 1E 47 00 93 58
A3 00 33 6E EE 01 13 9F 66 01 B3 EE 2E 01 33 6F
1F 01 13 99 F6 00 93 58 13 01 33 69 19 01 33 45
D5 01 93 58 D8 01 93 9E 35 00 B3 C3 F3 01 B3 E8
D8 01 93 5F 78 00 93 9E 95 01 B3 EF DF 01 33 4E
7E 01 93 9E F7 01 93 5B 1A 00 B3 C2 F2 00 B3 EE
7E 01 EA 07 93 5B 6A 00 B3 E7 77 01 B3 C8 F8 01
93 1B D6 00 93 5F 37 01 33 4F 2F 01 B3 EF FB 01
13 19 46 00 93 5B C7 01 33 69 79 01 B3 CF 2F 01
93 9B 9A 01 13 D9 79 00 B3 CE FE 00 33 E9 2B 01
93 D7 9A 00 93 9B 79 01 B3 C3 03 01 B3 E7 77 01
13 D8 A6 00 93 1B 63 01 33 49 F9 00 33 E8 0B 01
93 17 F3 00 93 DB 16 01 B3 E7 77 01 33 4F 6F 00
B3 C8 B8 00 33 4E 5E 01 B3 C5 EF 00 33 48 F8 00
33 47 39 01 31 8D 33 48 D8 00 B9 8D 93 C7 B2 04
33 45 C5 01 93 4F FF FF B3 4A CF 01 B3 CE 4E 01
B3 49 E8 00 33 CA 77 00 13 C9 F5 FF 13 C6 F3 FF
93 C6 F8 FF 13 43 F8 FF B3 FF CF 01 13 4E F5 FF
B3 CB 1E 01 33 73 E3 00 B3 CF 4F 01 7D 8E 93 42
FA FF 93 C7 FA FF 33 7A 19 01 B3 F6 D6 01 13 C7
F9 FF 33 7E 7E 00 33 4E 5E 01 33 4A 3A 01 29 8E
AD 8E 6D 8F 93 CE FB FF E9 8F 33 45 73 01 B3 49
C6 01 B3 CB 46 01 B3 C7 F7 01 33 43 A7 00 B3 F2
E2 01 B3 FE 0E 01 B3 C5 E7 01 33 43 03 01 B3 C2
C2 00 B3 CE DE 00 13 D8 39 01 93 DA C9 01 93 97
DB 00 13 9F 4B 00 33 C9 72 00 13 D6 3B 01 B3 C2
1E 01 93 D3 CB 01 33 6F 5F 01 93 96 D9 00 93 98
49 00 B3 E7 07 01 93 4E F5 FF 93 CF FF FF B3 E8
78 00 13 15 39 00 93 1A 99 01 D1 8E 93 9D 65 01
B3 C7 E7 01 13 D7 D2 01 13 5F A3 00 13 D8 72 00
33 68 58 01 B3 ED ED 01 49 8F B3 C6 16 01 13 9F
FE 01 93 D8 1F 00 33 6F 1F 01 33 47 07 01 93 98
AE 01 13 D8 6F 00 B3 E8 08 01 13 95 32 00 93 9A
92 01 13 56 D9 01 93 53 79 00 B3 E3 53 01 49 8E
33 4F 1F 01 13 98 FF 01 93 D8 1E 00 33 46 76 00
33 68 18 01 93 93 AF 01 93 D8 6E 00 B3 E8 13 01
B3 C7 37 01 93 13 F3 00 93 D9 15 01 93 DA A5 00
13 15 63 01 13 1C 9A 01 33 48 18 01 B3 E3 33 01
93 58 7E 00 C2 49 33 6C 1C 01 33 65 55 01 93 58
7A 00 93 1A 9E 01 B3 EA 1A 01 B3 C8 BC 00 33 45
15 01 B3 C6 76 01 93 98 F5 00 B3 CB C9 01 B3 45
6B 00 13 53 13 01 B3 E8 68 00 93 59 9A 00 B3 CB
8B 01 13 53 9E 00 13 1C 7E 01 33 CE 44 01 5E 0A
B3 C5 BD 00 33 63 43 01 92 4D 22 4A B3 E9 89 01
33 4E 5E 01 33 6C BA 01 B3 4A 27 01 33 4A 56 00
B3 43 75 00 B3 C5 15 01 33 4F FF 01 33 48 D8 01
B3 CB 3B 01 33 4E 6E 00 63 14 0C 00 6F 20 00 06
63 94 0D 00 6F 40 10 1F 22 47 52 46 5A D4 26 D6
7D 43 93 08 00 04 6A D0 66 D2 3A 8B B2 84 A6 8E
01 45 81 42 81 4F 31 A8 01 46 33 17 E9 00 33 E6
C2 00 33 E7 EF 00 21 05 85 0E B2 82 BA 8F 63 0A
15 03 13 07 05 FE 03 C9 0E 00 33 06 A3 40 E3 5D
07 FC 13 57 19 00 33 57 C7 00 33 16 A9 00 33 E6
C2 00 33 E7 EF 00 21 05 85 0E B2 82 BA 8F E3 1A
15 FD B3 C7 FB 00 33 4C DE 00 93 8F 84 00 01 45
01 49 81 42 21 A8 81 49 B3 96 DE 00 21 05 33 69
39 01 B3 E2 D2 00 85 0F 63 08 15 03 93 06 05 FE
83 CE 0F 00 B3 09 A3 40 E3 DF 06 FC 93 D6 1E 00
B3 D6 36 01 B3 99 AE 00 21 05 33 69 39 01 B3 E2
D2 00 85 0F E3 1C 15 FD B3 4A 59 01 33 CA 42 01
13 4F 4F 0B 3D 8E B3 CF EA 01 B3 47 87 01 B3 49
0A 01 13 47 FA FF 93 CE FA FF 33 C9 7B 00 13 C5
F3 FF 93 C6 FF FF 13 CC F5 FF B3 FE EE 01 33 78
07 01 13 C7 F9 FF B3 42 BE 00 B3 CE CE 00 B3 FC
76 00 33 48 F8 00 B3 7B 75 01 13 4F F6 FF 13 45
F9 FF 33 7C CC 01 6D 8F 13 CE F7 FF B3 CB FB 01
33 4C 3C 01 93 C6 F2 FF 33 7E 4E 01 33 7F 5F 01
71 8D B3 CC DC 01 33 47 07 01 33 4F 2F 01 13 4D
FC FF 33 49 5E 00 B3 CC 5C 01 33 47 47 01 33 46
75 00 F5 8F 13 C5 FB FF B3 CA EE 01 33 48 28 01
93 52 15 00 13 9E 3C 00 AD 8F 93 16 FD 01 93 55
65 00 93 1F AD 01 93 53 D7 01 93 9E 9C 01 B3 EF
BF 00 13 5A 77 00 B3 E6 56 00 93 15 48 00 B3 E3
C3 01 13 DE CA 01 33 46 76 01 B3 C7 87 01 33 6A
DA 01 B3 E5 C5 01 93 1E 99 01 13 1E 7F 01 B3 C6
F6 01 93 5B 99 00 93 5F 7F 00 93 D2 3A 01 B3 EB
CB 01 93 19 D8 00 13 5E A6 00 B3 EE FE 01 93 9F
67 01 B3 E9 59 00 B3 EF CF 01 93 52 16 01 13 9E
F7 00 33 6E 5E 00 B3 C3 43 01 93 D2 DC 01 13 1A
37 00 B3 C9 B9 00 B3 E2 42 01 93 D5 7C 00 13 1A
97 01 B3 E5 45 01 B3 CE 7E 01 13 1A F5 01 93 5B
1D 00 A9 8E 33 6A 7A 01 6A 05 93 5B 6D 00 33 65
75 01 B3 C2 B2 00 93 9B DA 00 93 55 38 01 B3 CF
CF 01 B3 E5 BB 00 13 9E 4A 00 93 5B C8 01 33 6E
7E 01 B3 C5 C5 01 93 1B 9F 01 13 5E 79 00 33 4A
AA 00 33 EE CB 01 13 55 9F 00 93 1B 79 01 33 65
75 01 13 1C 66 01 33 4E AE 00 13 D5 A7 00 93 1B
F6 00 33 65 AC 00 13 DC 17 01 B3 EB 8B 01 B3 C3
93 01 B3 CF CF 00 B3 C2 E2 00 B3 CE EE 01 33 47
AA 01 33 45 75 01 93 C6 56 0A 33 4F F5 00 33 4E
2E 01 33 CC 76 00 33 CA DF 01 B3 C9 59 01 93 C7
F2 FF B3 4A 57 00 B3 C5 05 01 13 C5 F3 FF 13 C9
FF FF 33 C6 D9 01 B3 C5 C5 01 B3 49 CF 01 93 4B
FF FF 75 8D 13 48 FC FF B3 F6 E7 00 33 79 D9 01
13 47 FA FF 93 C7 FA FF 31 8D 33 49 89 01 AD 8E
93 4E F6 FF B3 FB CB 01 33 78 F8 01 13 CE F5 FF
13 CC F9 FF 71 8F B3 F7 E7 01 B3 CB 5B 01 33 7C
BC 00 33 47 F7 01 B5 8F B3 FE 7E 00 33 7E 5E 00
33 48 A8 00 33 4E 3E 01 33 46 27 01 B3 CE 4E 01
33 C7 57 00 93 C9 FB FF 33 48 78 00 93 45 F9 FF
33 4F EC 01 33 CA C6 01 33 4C D5 01 B3 47 7F 01
93 D2 15 00 13 D5 65 00 93 1F 38 00 93 96 F9 01
93 93 A9 01 13 5F D7 01 93 1B 98 01 B3 E3 A3 00
13 59 77 00 B3 E6 56 00 33 6F FF 01 93 12 4A 00
93 5F CC 01 33 69 79 01 B3 E2 F2 01 93 1B 9E 01
93 9F 7E 01 B3 C6 76 00 13 5D 9E 00 93 D3 7E 00
33 6D FD 01 B3 EB 7B 00 93 5F A6 00 93 93 67 01
93 5A 3C 01 13 15 DA 00 B3 E3 F3 01 93 9C F7 00
93 5F 16 01 B3 EC FC 01 33 65 55 01 93 5F D8 01
33 4F 2F 01 13 19 37 00 33 45 55 00 B3 EF 2F 01
93 52 78 00 13 19 97 01 B3 E2 22 01 93 9A F5 01
13 D9 19 00 AD 8E B3 EA 2A 01 EA 05 13 D9 69 00
B3 CB AB 01 33 E9 25 01 13 1D DC 00 B3 C3 93 01
B3 CF 5F 00 93 5C CA 01 93 12 4C 00 93 55 3A 01
B3 E2 92 01 B3 65 BD 00 93 9C 9E 01 B3 CA 2A 01
13 DD 9E 00 B3 C5 55 00 13 59 7E 00 93 12 7E 01
B3 62 5D 00 33 E9 2C 01 33 4F 0F 01 13 1D 66 01
33 49 59 00 13 D8 17 01 93 1C F6 00 93 D2 A7 00
B3 EC 0C 01 B3 62 5D 00 B3 C2 92 01 B3 C3 C3 00
B3 CF EF 00 B3 C2 F2 00 B3 CE DB 01 33 C6 3A 01
93 C6 66 09 33 47 C9 01 B3 C9 D3 01 B3 4A F6 01
33 45 85 01 B3 C5 45 01 13 48 FF FF 33 CA E6 01
93 C7 FF FF 13 CC F2 FF B9 8D 33 C9 E2 00 33 45
D5 01 93 CB F3 FF 33 78 D8 00 13 4E FA FF F1 8F
93 C6 F9 FF 33 7C EC 00 13 C7 FA FF 33 48 A8 00
AD 8F B3 FB DB 01 13 C6 F5 FF 93 4E F5 FF 33 7E
7E 00 93 4C F9 FF E9 8E 33 77 57 00 B3 CB 4B 01
33 4C 5C 01 33 76 F6 01 B3 FC BC 00 B3 C6 76 00
3D 8F B3 FE EE 01 33 4E 0E 01 33 4A 26 01 B3 CE
3E 01 B3 C5 76 01 93 4A FC FF B3 46 F7 01 13 C5
FB FF 33 4E EE 01 33 C6 5C 00 B3 C7 47 01 B3 4C
D8 01 33 47 86 01 93 52 15 00 13 58 65 00 13 1F
3E 00 13 96 FA 01 93 93 AA 01 93 DF D6 01 93 19
9E 01 B3 E3 03 01 13 D9 76 00 33 66 56 00 B3 EF
EF 01 93 92 47 00 13 DF CC 01 33 69 39 01 B3 E2
E2 01 93 19 9A 01 13 9F 7E 01 33 46 76 00 13 5D
9A 00 93 D3 7E 00 33 6D ED 01 B3 E9 79 00 13 DF
A5 00 93 13 67 01 93 DB 3C 01 13 98 D7 00 B3 E3
E3 01 13 1C F7 00 13 DF 15 01 33 6C EC 01 33 68
78 01 13 5F DE 01 B3 CF 2F 01 13 99 36 00 33 48
58 00 33 6F 2F 01 93 52 7E 00 13 99 96 01 B3 E2
22 01 93 1B F5 01 13 D9 1A 00 29 8E B3 EB 2B 01
6A 05 13 D9 6A 00 33 69 25 01 B3 C9 A9 01 B3 C3
83 01 13 9D DC 00 13 DC C7 01 33 4F 5F 00 13 D5
37 01 93 92 4C 00 B3 E2 82 01 33 65 AD 00 13 9C
9E 01 B3 CB 2B 01 13 DD 9E 00 33 45 55 00 13 59
7A 00 93 12 7A 01 B3 62 5D 00 33 69 2C 01 B3 CF
CF 01 13 9D 65 01 13 5E 17 01 33 49 59 00 13 9C
F5 00 93 52 A7 00 33 6C CC 01 B3 62 5D 00 B3 C2
82 01 33 4F DF 00 B3 C3 B3 00 B3 C6 5B 01 B3 C2
E2 00 B3 C9 D9 01 13 46 76 08 B3 4B F6 01 33 CC
E6 01 B3 CA 33 01 33 49 49 01 93 C5 F3 FF 13 C7
F2 FF 33 48 98 01 3D 8D 93 CE FF FF 93 47 FF FF
33 48 38 01 33 45 25 01 33 CA 22 01 B3 FE CE 00
13 CE FB FF B3 F9 35 01 F5 8F 33 79 27 01 93 C6
FA FF 13 47 FC FF B3 C9 79 01 B3 CE 0E 01 A9 8F
93 45 F8 FF 13 46 F5 FF 33 7E 7E 00 93 4B FA FF
B3 F6 06 01 33 77 57 00 33 49 89 01 B3 F5 F5 01
33 76 E6 01 B3 FB AB 00 B3 C6 76 00 3D 8F 33 4E
DE 01 B3 CA 55 01 33 4A 46 01 B3 C5 36 01 33 4E
FE 01 B3 46 E7 01 13 C5 F9 FF 33 C6 5B 00 93 4B
F9 FF 33 47 26 01 B3 CE 5E 01 B3 C7 47 01 93 52
15 00 13 58 65 00 13 1F 3E 00 13 96 FB 01 93 93
AB 01 93 DF D6 01 93 19 9E 01 B3 E3 03 01 13 D9
76 00 33 66 56 00 B3 EF EF 01 93 92 47 00 13 DF
CE 01 33 69 39 01 B3 E2 E2 01 93 19 9A 01 13 9F
7A 01 33 46 76 00 13 5D 9A 00 93 D3 7A 00 33 6D
ED 01 B3 E9 79 00 13 DF A5 00 93 13 67 01 13 DC
3E 01 13 98 D7 00 B3 E3 E3 01 93 1C F7 00 13 DF
15 01 B3 EC EC 01 33 68 88 01 13 5F DE 01 B3 CF
2F 01 13 99 36 00 33 48 58 00 33 6F 2F 01 93 52
7E 00 13 99 96 01 B3 E2 22 01 13 1C F5 01 13 D9
1B 00 29 8E 33 6C 2C 01 6A 05 13 D9 6B 00 33 69
25 01 B3 C9 A9 01 B3 C3 93 01 13 9D DE 00 93 DC
C7 01 33 4F 5F 00 13 D5 37 01 93 92 4E 00 B3 E2
92 01 33 65 AD 00 93 9C 9A 01 33 4C 2C 01 13 DD
9A 00 33 45 55 00 13 59 7A 00 93 12 7A 01 B3 62
5D 00 33 E9 2C 01 B3 CF CF 01 13 9D 65 01 13 5E
17 01 33 49 59 00 93 9C F5 00 93 52 A7 00 B3 EC
CC 01 B3 62 5D 00 B3 C2 92 01 33 4F DF 00 B3 C3
B3 00 B3 C2 E2 00 B3 46 7C 01 13 46 86 07 B3 C9
59 01 B3 4B F6 01 33 CC E6 01 B3 CA 33 01 33 49
49 01 93 C5 F3 FF 13 C7 F2 FF 33 48 D8 01 3D 8D
93 CE FF FF 93 47 FF FF 33 48 38 01 33 45 25 01
33 CA 22 01 B3 FE CE 00 13 CE FB FF B3 F9 35 01
F5 8F 33 79 27 01 93 C6 FA FF 13 47 FC FF B3 C9
79 01 B3 CE 0E 01 A9 8F 93 45 F8 FF 13 46 F5 FF
33 7E 7E 00 93 4B FA FF B3 F6 06 01 33 77 57 00
33 49 89 01 B3 F5 F5 01 33 76 E6 01 B3 FB AB 00
B3 C6 76 00 3D 8F 33 4E DE 01 B3 CA 55 01 33 4A
46 01 B3 C5 36 01 13 C5 F9 FF B3 46 E7 01 33 4E
FE 01 33 C6 5B 00 93 4B F9 FF 33 47 26 01 B3 CE
5E 01 B3 C7 47 01 13 59 15 00 13 58 65 00 13 1F
3E 00 13 96 FB 01 93 92 AB 01 93 DF D6 01 93 13
9E 01 B3 E2 02 01 93 D9 76 00 33 66 26 01 B3 EF
EF 01 13 99 47 00 13 DF CE 01 B3 E9 79 00 33 69
E9 01 93 13 9A 01 13 9F 7A 01 33 46 56 00 13 5D
9A 00 93 D2 7A 00 13 DC 3E 01 33 6D ED 01 13 98
D7 00 13 DF A5 00 B3 E3 53 00 93 12 67 01 33 68
88 01 B3 E2 E2 01 93 1C F7 00 13 DF 15 01 B3 EC
EC 01 33 48 28 01 13 5F DE 01 13 99 36 00 B3 CF
3F 01 33 6F 2F 01 93 59 7E 00 13 99 96 01 B3 E9
29 01 13 DC 1B 00 13 19 F5 01 29 8E 33 69 89 01
6A 05 13 DC 6B 00 33 6C 85 01 B3 C3 A3 01 B3 C2
92 01 13 9D DE 00 93 DC C7 01 33 4F 3F 01 13 D5
37 01 93 99 4E 00 B3 E9 99 01 33 65 AD 00 93 9C
9A 01 33 45 35 01 93 59 7A 00 33 49 89 01 B3 E9
3C 01 13 DC 9A 00 93 1C 7A 01 33 CE CF 01 33 6C
9C 01 93 5F A7 00 93 9C 65 01 B3 C9 89 01 B3 EF
FC 01 13 9C F5 00 93 5C 17 01 33 6C 9C 01 B3 CF
8F 01 B3 C2 B2 00 33 4F DF 00 B3 CF EF 00 B3 C3
53 01 13 46 96 06 33 49 79 01 B3 C6 49 01 B3 4A
C6 01 33 CA 72 00 B3 4B E9 01 3D 8D 33 48 D8 01
13 47 FE FF 93 47 FF FF 13 CC FF FF B3 45 D5 00
33 48 78 00 B3 C9 DF 00 93 CC F2 FF 71 8F 93 CE
FA FF B3 F7 27 01 13 46 FA FF 33 7C DC 00 93 C6
FB FF 33 47 07 01 AD 8F B3 F3 7C 00 13 45 F8 FF
13 C9 F5 FF B3 FE 5E 00 33 76 06 01 B3 F6 F6 01
B3 C3 53 01 33 4C 7C 01 33 75 C5 01 33 46 56 00
BD 8E 93 CC F9 FF 33 79 E9 01 B3 CE EE 00 B3 4A
45 01 33 49 39 01 33 45 76 00 93 49 FC FF B3 CE
CE 01 33 C6 E6 01 13 C8 F3 FF B3 FC BC 00 33 47
57 01 B3 C7 27 01 B3 CC FC 01 13 5E 68 00 93 5F
18 00 93 9B 3E 00 93 95 F9 01 93 92 A9 01 13 5F
D6 01 93 93 9E 01 B3 E2 C2 01 13 5A 76 00 B3 E5
F5 01 33 6F 7F 01 93 9F 47 00 93 5B C7 01 B3 C6
8C 01 33 6A 7A 00 13 5C 37 01 B3 EF 7F 01 13 9E
D7 00 93 9B 7A 01 93 13 99 01 B3 C5 55 00 13 5D
99 00 93 D2 7A 00 33 6D 7D 01 33 6E 8E 01 93 5B
A5 00 B3 E3 53 00 13 DC DE 01 93 92 66 01 33 4F
4F 01 13 1A 36 00 B3 E2 72 01 93 9C F6 00 93 5B
15 01 33 4E FE 01 33 6C 4C 01 93 DF 7E 00 13 1A
96 01 B3 EC 7C 01 B3 EF 4F 01 93 DB 19 00 13 1A
F8 01 B3 C5 05 01 33 6A 7A 01 6A 08 93 DB 69 00
B3 6B 78 01 33 4C FC 01 B3 C3 A3 01 B3 C2 92 01
13 1D D7 00 93 DC C7 01 93 1F 47 00 13 D8 37 01
B3 EF 9F 01 33 68 0D 01 93 9C 9A 01 13 DD 9A 00
33 48 F8 01 33 4A 7A 01 93 1F 79 01 93 5B 79 00
B3 6F FD 01 B3 EB 7C 01 33 4F DF 01 13 1D 65 01
B3 CB FB 01 93 DE 16 01 93 1C F5 00 93 DF A6 00
B3 EC DC 01 B3 6F FD 01 B3 CF 9F 01 B3 C2 A2 00
B3 4E CC 00 B3 CF DF 00 B3 C3 53 01 33 4A 3A 01
93 C5 A5 05 33 C6 2B 01 B3 C9 E5 01 B3 CB 72 00
33 4C DA 01 33 45 F8 00 33 4E EE 00 93 C7 FE FF
13 47 FF FF 13 C8 FF FF 33 4E 7E 00 31 8D 33 C9
CF 00 93 CA F2 FF 33 78 C8 00 6D 8F 13 46 FC FF
93 C6 F9 FF B3 F7 47 01 93 C5 FB FF 33 47 C7 01
A9 8F B3 F3 7A 00 13 4A F5 FF 93 4A FE FF B3 F6
56 00 B3 F5 C5 01 33 7E F6 01 33 4C 88 01 B3 C3
33 01 93 4C F9 FF B9 8E B3 FA EA 01 33 7A DA 01
33 4E FE 00 33 4A 2A 01 B3 CA 7A 01 33 4E DE 01
93 4B FC FF 13 C6 F3 FF 33 F8 AC 00 B3 C5 55 00
B3 CC E6 01 B3 C9 75 00 33 47 57 01 B3 C7 47 01
13 55 16 00 93 9E 3C 00 93 95 FB 01 93 52 DE 01
93 56 66 00 33 48 F8 01 13 9F AB 01 C9 8D B3 E2
D2 01 13 95 47 00 93 5E C7 01 33 48 88 01 93 9F
9C 01 33 6F DF 00 93 53 37 01 33 65 D5 01 13 59
7E 00 93 9E 7A 01 93 96 D7 00 13 5C 9A 00 33 69
F9 01 33 6C DC 01 93 1F 9A 01 93 DE A9 00 B3 C5
E5 01 B3 E6 76 00 13 DF 7A 00 93 13 68 01 B3 EF
EF 01 B3 E3 D3 01 13 DF 19 01 93 1E F8 00 B3 EE
EE 01 B3 C2 22 01 13 DF DC 01 13 19 3E 00 A9 8E
33 6F 2F 01 13 D5 7C 00 13 19 9E 01 33 65 25 01
B3 CF 8F 01 13 19 F6 01 13 DC 1B 00 B1 8D 33 69
89 01 6A 06 13 DC 6B 00 33 66 86 01 33 4F AF 00
13 1C D7 00 13 D5 37 01 B3 C3 D3 01 33 65 AC 00
93 1E 47 00 13 DC C7 01 B3 EE 8E 01 33 45 D5 01
13 9C 9A 01 93 5E 7A 00 33 49 C9 00 B3 6E DC 01
13 D6 9A 00 13 1C 7A 01 33 66 86 01 B3 C2 92 01
13 9D 69 01 93 5C 18 01 B3 CE CE 00 13 9C F9 00
13 56 A8 00 33 6C 9C 01 33 66 CD 00 33 4F CF 01
B3 CA 5F 01 33 49 79 01 33 46 86 01 93 C5 B5 04
B9 8E B3 CE 4E 01 B3 CD 55 00 33 4A 06 01 B3 4C
E9 01 33 C6 56 01 33 47 F5 00 93 46 FF FF 93 C7
F2 FF B3 C3 33 01 33 47 D7 01 ED 8F 93 CF FD FF
B3 F6 26 01 13 C9 FC FF 33 4C DA 01 B1 8F B9 8E
33 79 49 01 93 4B F6 FF B3 FF 7F 00 13 48 FA FF
93 49 F7 FF 33 CD 53 01 33 78 D8 01 B3 FB 5B 00
B3 4E D9 00 93 45 FC FF B3 F9 E9 01 B3 CF FF 00
B3 CB AB 01 B3 C9 89 01 B3 CF 5F 00 B3 CE EE 01
13 4E FD FF F9 8D B3 C7 77 01 B3 C6 36 01 13 9F
9F 01 13 C5 F3 FF 33 7E CE 00 B3 C5 45 01 33 46
98 01 13 DA DF 01 92 4C 93 92 3E 00 13 D9 7E 00
13 97 3F 00 33 69 E9 01 33 75 55 01 13 D8 7F 00
13 9C 9E 01 13 9F 46 00 33 6A 5A 00 93 DA DE 01
93 D2 C7 01 13 0D 0B FF 33 45 B5 01 33 68 88 01
33 6F 5F 00 33 4E 7E 00 93 D2 36 01 93 93 D6 00
B3 EA EA 00 13 9C D7 00 13 D7 37 01 33 4E AE 00
B1 8D B3 3D 6D 01 FD 1C B3 E3 E3 00 33 6C 5C 00
13 97 47 00 93 D2 C6 01 33 8B 9D 01 33 67 57 00
93 5C AE 00 93 92 65 01 B3 E2 92 01 B3 CA 2A 01
93 9C F5 00 13 59 1E 01 B3 EC 2C 01 B3 C3 E3 01
13 19 6E 01 13 DF A5 00 13 45 F5 FF 13 46 F6 FF
33 4A 0A 01 33 69 E9 01 13 18 FE 00 13 DF 15 01
33 68 E8 01 33 4C EC 00 13 1F F6 01 13 57 15 00
33 6F EF 00 B3 C2 92 01 13 17 A6 01 93 5C 65 00
33 67 97 01 33 49 09 01 93 1C F5 01 93 1D A5 01
33 4F EF 00 13 58 16 00 13 57 66 00 33 E7 ED 00
33 E8 0C 01 33 48 E8 00 93 9C 99 01 13 D7 7B 00
B3 EC EC 00 93 9D 7B 01 13 D7 99 00 33 67 B7 01
33 C7 EC 00 5A C2 93 9D 9B 01 93 DC 9B 00 6A 8B
B3 CA FA 01 13 9D 79 01 93 DF 79 00 B3 4B 77 01
12 47 B3 EF FD 01 B3 EC AC 01 B3 CF 9F 01 B3 C7
F3 00 C1 04 B3 C3 C2 01 33 4A DA 01 B3 46 DC 00
B3 45 B9 00 33 4F AF 00 33 48 C8 00 33 CE 3F 01
19 C3 6F E0 DF FF 3D 47 63 74 67 01 6F E0 3F FF
A2 48 52 45 02 5D 13 87 08 FF 41 05 41 9B 2A 97
13 F6 88 00 3A CA 92 5C 22 5B B2 54 93 F2 F8 00
19 C2 6F 30 10 1D 96 88 63 8E 02 04 52 45 01 46
81 4F AA 98 81 4E 7D 49 21 A8 81 49 33 17 E3 00
05 05 B3 EF 3F 01 B3 EE EE 00 21 06 63 88 A8 02
13 07 06 FE 03 43 05 00 B3 09 C9 40 E3 5F 07 FC
13 57 13 00 33 57 37 01 05 05 B3 19 C3 00 B3 EF
3F 01 B3 EE EE 00 21 06 E3 9C A8 FC B3 C7 F7 01
B3 C6 D6 01 8E 02 13 86 02 FE 63 54 06 00 6F 30
10 24 05 47 33 17 C7 00 01 46 3D 8E 35 8F 13 4F
4F 0B 93 CF F3 FF 33 43 BE 00 B3 C8 EA 01 B3 FF
7F 01 93 C9 FA FF 13 49 FA FF 93 C6 F5 FF 33 C6
CB 00 B3 47 EE 00 B3 CE 7B 00 33 45 0A 01 B3 F6
C6 01 B3 F9 E9 01 33 CE 1F 01 33 79 09 01 13 C7
F8 FF 93 48 F3 FF 33 C8 A6 00 B3 C9 C9 00 33 49
F9 00 13 CF FE FF 93 42 F5 FF 93 46 F6 FF B3 F8
F8 00 93 C7 F7 FF 93 4B F8 FF 13 45 FE FF 33 7F
CF 00 B3 F6 56 01 33 46 2A 01 B3 CA 3A 01 B3 F7
47 01 33 77 77 00 B3 F2 B2 00 B3 C6 D6 01 B3 C7
67 00 33 47 57 01 B3 C2 C2 00 93 5F 15 00 33 4F
CF 01 13 93 FB 01 13 5E 65 00 93 9E AB 01 33 4F
7F 00 B3 EE CE 01 93 13 37 00 B3 C8 08 01 93 DA
D2 01 33 C8 D9 00 13 D6 72 00 93 19 97 01 33 63
F3 01 B3 C8 B8 00 B3 EA 7A 00 B3 45 F9 00 93 D3
76 00 33 66 36 01 33 43 D3 01 13 9E 97 01 93 9E
76 01 93 D9 97 00 13 5C 38 01 13 59 C8 01 B3 E9
D9 01 13 9A D5 00 93 5E 1F 01 93 9F 45 00 33 6E
7E 00 93 93 F8 00 B3 CD CA 00 33 6A 8A 01 B3 EF
2F 01 13 5C AF 00 B3 E3 D3 01 13 96 32 00 13 99
68 01 93 5E D7 01 B3 EE CE 00 33 69 89 01 13 96
92 01 13 5C 77 00 33 66 CC 00 33 4C A3 00 33 43
FA 01 1A C2 93 1A F5 01 13 D3 6B 00 93 DF 1B 00
6A 05 33 65 65 00 B3 EF FA 01 13 13 D8 00 33 4E
3E 01 93 D9 35 01 13 1A 48 00 33 49 79 00 B3 69
33 01 93 D3 C5 01 13 93 96 01 B3 CF AF 00 13 D5
77 00 B3 63 7A 00 33 C6 CE 00 33 63 A3 00 93 DE
96 00 13 95 77 01 B3 EE AE 00 B3 C9 79 00 13 15
6F 01 93 D3 A8 00 13 1A FF 00 B3 63 75 00 13 D5
18 01 33 6A AA 00 12 45 33 43 D3 01 B3 C3 43 01
33 C7 ED 00 33 49 E9 01 33 46 56 00 33 4E DE 00
33 43 F3 00 B3 C3 13 01 93 4E 5C 0A B3 CF 7F 01
33 CF B9 00 B3 CB EE 00 B3 CA CF 00 33 4F 6F 00
33 4A C9 01 B3 C9 63 00 33 45 05 01 93 46 F7 FF
93 45 F9 FF 13 48 F6 FF 93 C8 F3 FF 33 45 C5 01
93 C7 FB FF B3 F5 C5 01 B3 F6 D6 01 13 CE FA FF
93 4E FA FF 33 78 F8 01 B3 F8 68 00 93 4F FF FF
13 C3 F9 FF 33 48 E8 01 B3 C8 58 01 A9 8E 33 FC
27 01 93 42 F5 FF B3 C7 75 01 B3 FF CF 00 B3 F5
AE 00 33 73 E3 01 33 75 7E 00 B3 CF 3F 01 13 CE
F8 FF 33 4F 13 01 33 4C DC 00 BD 8D 33 45 05 01
93 C7 F7 FF B3 4E EC 00 33 C3 25 01 B3 48 C5 00
B3 49 F8 01 B3 45 7F 00 B3 F2 E2 00 13 DF 17 00
13 D8 67 00 13 16 FE 01 13 15 AE 01 33 CA 42 01
93 93 9E 01 93 92 3E 00 33 65 05 01 93 DB D8 01
13 D7 78 00 33 66 E6 01 B3 C6 46 01 B3 EB 5B 00
33 67 77 00 93 52 7A 00 29 8E 13 98 9F 01 13 15
7A 01 93 D3 9F 00 13 DC 36 01 13 D9 C6 01 B3 E3
A3 00 93 9A D9 00 13 55 13 01 13 9F 49 00 33 68
58 00 93 92 F5 00 B3 CD EB 00 B3 EA 8A 01 33 6F
2F 01 13 5C A3 00 B3 E2 A2 00 13 97 38 00 13 99
65 01 13 D5 DE 01 59 8D 33 69 89 01 13 97 98 01
13 DC 7E 00 33 67 EC 00 33 4C F6 00 33 C6 EA 01
32 C2 93 9B F7 01 13 56 6E 00 EA 07 5D 8E 93 9A
46 00 93 97 D6 00 33 48 78 00 33 49 59 00 93 D3
39 01 93 D2 C9 01 B3 E3 77 00 B3 E2 5A 00 B3 47
E5 00 93 1A 9A 01 13 5F 1E 00 13 D5 7F 00 13 57
9A 00 33 EF EB 01 33 E5 AA 00 93 9A 7F 01 B3 6A
57 01 33 4F CF 00 33 C7 53 00 13 16 63 01 93 D2
A5 00 93 13 F3 00 B3 62 56 00 13 D6 15 01 B3 E3
C3 00 33 C6 DD 01 92 4E B3 C2 72 00 33 49 69 00
B3 C3 17 01 B3 C2 B2 00 33 48 48 01 33 4F CF 01
13 4C 6C 09 33 45 55 01 B3 C6 DE 00 B3 CE 06 01
33 45 F5 01 B3 4B CC 00 B3 4A 7F 00 33 4A 09 01
33 4E 37 01 93 47 F9 FF 13 47 F6 FF 93 C6 F3 FF
93 C5 F2 FF 33 4E AE 00 B3 C9 A2 00 33 77 87 01
13 C3 FB FF B3 F7 07 01 93 48 FA FF B3 F6 E6 01
13 C8 FA FF E9 8D 33 47 D7 01 B3 C6 C6 01 B3 C5
55 01 B3 C7 77 01 33 78 58 00 93 CF FE FF 13 4F
FE FF 13 C5 F9 FF 33 73 23 01 B3 F8 D8 01 B3 FF
CF 00 B3 4E D8 00 33 7F 7F 00 33 75 C5 01 33 43
E3 00 13 CE F5 FF B3 C8 F8 00 93 C7 F7 FF 33 48
3F 01 33 CA 4F 01 33 46 C3 00 33 4F B5 00 93 DF
17 00 33 C5 28 01 B3 C5 7E 00 13 D3 67 00 93 18
FE 01 93 1E AE 01 B3 49 47 01 B3 CA 06 01 B3 EE
6E 00 B3 46 5F 00 93 DB D5 01 13 1F 36 00 93 12
96 01 13 D7 75 00 B3 E8 F8 01 B3 EB EB 01 33 67
57 00 13 5F 7A 00 B3 C8 D8 01 13 13 98 01 93 1E
7A 01 93 52 98 00 13 DC 39 01 13 D9 C9 01 B3 E2
D2 01 93 93 DA 00 93 5E 15 01 93 9F 4A 00 33 63
E3 01 13 9F F6 00 B3 CD EB 00 B3 E3 83 01 B3 EF
2F 01 13 5C A5 00 33 6F DF 01 13 97 35 00 13 99
66 01 93 5E D6 01 B3 EE EE 00 33 69 89 01 13 97
95 01 13 5C 76 00 33 67 EC 00 33 CC F8 00 B3 C8
F3 01 46 C2 93 9B F7 01 93 58 6E 00 93 5F 1E 00
EA 07 B3 E7 17 01 B3 EF FB 01 93 98 D9 00 33 49
E9 01 13 DF 3A 01 33 EF E8 01 B3 CF FF 00 93 18
9A 01 93 57 78 00 93 93 49 00 33 43 53 00 33 C7
EE 00 93 D2 CA 01 93 5E 9A 00 B3 E8 F8 00 93 17
78 01 B3 E2 53 00 B3 EE FE 00 93 D3 A6 00 93 17
65 01 33 4F 5F 00 B3 E3 77 00 93 12 F5 00 93 D7
16 01 B3 E2 F2 00 92 47 B3 C8 D8 01 B3 C3 53 00
33 49 A9 00 2D 8F B3 C3 D3 00 33 C6 CD 00 B3 C8
08 01 93 4E 7C 08 B3 CF CF 01 33 43 43 01 B3 CB
CE 00 B3 C7 37 01 33 4F 5F 01 B3 C9 13 01 B3 CA
EF 00 93 45 F6 FF 93 46 F9 FF 13 45 F7 FF 13 C8
F3 FF B3 C7 67 00 33 4F 1F 01 33 4A 69 00 B3 F5
D5 01 B3 F6 66 00 93 CE FB FF 33 75 F5 01 13 C3
FA FF 33 78 18 01 93 C8 F9 FF B3 C6 76 01 33 48
58 01 BD 8D 33 45 E5 01 93 C2 F7 FF 13 4E FA FF
93 4F FF FF B3 FE 2E 01 33 73 73 00 B3 F8 E8 01
B3 F2 C2 00 13 4F F8 FF B3 FF EF 00 B3 CE BE 00
33 43 A3 00 B3 C8 08 01 33 7E FE 00 93 C7 F6 FF
33 CA 42 01 33 48 E3 00 B3 C2 3F 01 33 C6 CE 00
93 DF 17 00 13 D3 67 00 33 4E DE 00 93 1E AF 01
B3 C6 78 00 93 18 FF 01 93 13 36 00 93 19 96 01
B3 EE 6E 00 93 5B D8 01 13 57 78 00 B3 E8 F8 01
B3 C5 45 01 33 4E 2E 01 33 45 55 00 B3 EB 7B 00
33 67 37 01 93 53 7A 00 B3 C8 D8 01 13 93 92 01
93 1E 7A 01 93 D9 92 00 13 DC 35 01 13 D9 C5 01
B3 E9 D9 01 93 1A D5 00 93 5E 1E 01 93 1F 45 00
33 63 73 00 93 93 F6 00 B3 CD EB 00 B3 EA 8A 01
B3 EF 2F 01 13 5C AE 00 B3 E3 D3 01 13 17 38 00
13 99 66 01 93 5E D6 01 B3 EE EE 00 33 69 89 01
13 17 98 01 13 5C 76 00 33 67 EC 00 33 CC F8 00
B3 C8 FA 01 46 C2 93 9B F7 01 93 58 6F 00 93 5F
1F 00 EA 07 B3 E7 17 01 B3 EF FB 01 93 98 D5 00
33 43 33 01 93 59 35 01 93 9A 45 00 33 49 79 00
B3 E9 38 01 93 53 C5 01 93 18 9A 01 B3 CF FF 00
93 D7 72 00 B3 E3 7A 00 33 C7 EE 00 B3 E8 F8 00
93 5E 9A 00 93 97 72 01 B3 EE FE 00 B3 C9 79 00
93 17 6E 01 93 D3 A6 00 93 1A FE 00 B3 E3 77 00
93 D7 16 01 B3 EA FA 00 92 47 B3 C8 D8 01 B3 C3
53 01 33 49 C9 01 33 47 07 01 B3 C3 D3 00 33 C6
CD 00 B3 C8 58 00 93 4E 8C 07 B3 CF EF 01 B3 CA
EF 00 33 43 43 01 B3 CB CE 00 33 CF A9 00 AD 8F
B3 C9 13 01 93 45 F6 FF 93 46 F9 FF 13 45 F7 FF
13 C8 F3 FF B3 C7 67 00 33 4F 1F 01 33 4A 69 00
B3 F5 D5 01 B3 F6 66 00 93 CE FB FF 33 75 F5 01
13 C3 FA FF 33 78 18 01 93 C8 F9 FF B3 C6 76 01
33 48 58 01 BD 8D 33 45 E5 01 93 C2 F7 FF 13 4E
FA FF 93 4F FF FF B3 FE 2E 01 33 73 73 00 B3 F8
E8 01 B3 F2 C2 00 13 4F F8 FF B3 FF EF 00 B3 CE
BE 00 33 43 A3 00 B3 C8 08 01 33 7E FE 00 93 C7
F6 FF 33 CA 42 01 33 48 E3 00 B3 C2 3F 01 33 C6
CE 00 93 DF 17 00 13 D3 67 00 33 4E DE 00 93 1E
AF 01 B3 C6 78 00 93 18 FF 01 93 13 36 00 93 19
96 01 B3 EE 6E 00 93 5B D8 01 13 57 78 00 B3 E8
F8 01 B3 C5 45 01 33 4E 2E 01 33 45 55 00 B3 EB
7B 00 33 67 37 01 93 53 7A 00 B3 C8 D8 01 13 93
92 01 93 1E 7A 01 93 D9 92 00 13 DC 35 01 13 D9
C5 01 B3 E9 D9 01 93 1A D5 00 93 5E 1E 01 93 1F
45 00 33 63 73 00 93 93 F6 00 B3 CD EB 00 B3 EA
8A 01 B3 EF 2F 01 13 5C AE 00 B3 E3 D3 01 13 17
38 00 13 99 66 01 93 5E D6 01 B3 EE EE 00 33 69
89 01 13 17 98 01 13 5C 76 00 33 67 EC 00 33 CC
F8 00 B3 C8 FA 01 46 C2 93 9B F7 01 93 58 6F 00
93 5F 1F 00 EA 07 B3 E7 17 01 B3 EF FB 01 93 98
D5 00 33 43 33 01 93 59 35 01 93 9A 45 00 33 49
79 00 B3 E9 38 01 93 53 C5 01 93 18 9A 01 B3 CF
FF 00 93 D7 72 00 B3 E3 7A 00 33 C7 EE 00 B3 E8
F8 00 93 5E 9A 00 93 97 72 01 B3 EE FE 00 B3 C9
79 00 93 17 6E 01 93 D3 A6 00 93 1A FE 00 B3 E3
77 00 93 D7 16 01 B3 EA FA 00 92 47 B3 C8 D8 01
B3 C3 53 01 33 49 C9 01 33 47 07 01 B3 C3 D3 00
33 C6 CD 00 B3 C8 58 00 93 4E 9C 06 B3 CF EF 01
B3 CA EF 00 33 43 43 01 B3 CB CE 00 33 CF A9 00
AD 8F B3 C9 13 01 93 45 F6 FF 93 46 F9 FF 13 45
F7 FF 13 C8 F3 FF B3 C7 67 00 33 4F 1F 01 33 4A
69 00 B3 F5 D5 01 B3 F6 66 00 93 CE FB FF 33 75
F5 01 13 C3 FA FF 33 78 18 01 93 C8 F9 FF B3 C6
76 01 33 48 58 01 BD 8D 33 45 E5 01 93 C2 F7 FF
13 4E FA FF 93 4F FF FF B3 FE 2E 01 33 73 73 00
B3 F8 E8 01 B3 F2 C2 00 13 4F F8 FF B3 FF EF 00
B3 CE BE 00 33 43 A3 00 B3 C8 08 01 33 7E FE 00
93 C7 F6 FF 33 CA 42 01 33 48 E3 00 B3 C2 3F 01
33 C6 CE 00 93 DF 17 00 13 D3 67 00 33 4E DE 00
93 1E AF 01 B3 C6 78 00 93 18 FF 01 93 13 36 00
93 19 96 01 B3 EE 6E 00 93 5B D8 01 13 57 78 00
B3 E8 F8 01 B3 C5 45 01 33 4E 2E 01 33 45 55 00
B3 EB 7B 00 33 67 37 01 93 53 7A 00 B3 C8 D8 01
13 93 92 01 93 1E 7A 01 93 D9 92 00 13 DC 35 01
13 D9 C5 01 B3 E9 D9 01 93 1A D5 00 93 5E 1E 01
93 1F 45 00 33 63 73 00 93 93 F6 00 B3 CD EB 00
B3 EA 8A 01 B3 EF 2F 01 13 5C AE 00 B3 E3 D3 01
13 17 38 00 13 99 66 01 93 5E D6 01 B3 EE EE 00
33 69 89 01 13 17 98 01 13 5C 76 00 33 67 EC 00
33 CC F8 00 B3 C8 FA 01 46 C2 93 9B F7 01 93 58
6F 00 93 5F 1F 00 EA 07 B3 E7 17 01 B3 EF FB 01
93 98 D5 00 33 43 33 01 93 59 35 01 93 9A 45 00
33 49 79 00 B3 E9 38 01 93 53 C5 01 93 18 9A 01
B3 CF FF 00 93 D7 72 00 B3 E3 7A 00 33 C7 EE 00
B3 E8 F8 00 93 5E 9A 00 93 97 72 01 B3 EE FE 00
B3 C9 79 00 93 17 6E 01 93 D3 A6 00 93 1A FE 00
B3 E3 77 00 93 D7 16 01 B3 EA FA 00 92 47 B3 C8
D8 01 B3 C3 53 01 33 C6 CD 00 33 49 C9 01 33 47
07 01 B3 C3 D3 00 B3 C8 58 00 93 4E AC 05 33 43
43 01 B3 CF EF 01 AD 8F B3 C7 67 00 33 4A 69 00
B3 CA EF 00 B3 CB CE 00 33 CF A9 00 93 45 F6 FF
B3 C9 13 01 93 46 F9 FF 13 45 F7 FF 13 C8 F3 FF
33 4F 1F 01 B3 F5 D5 01 B3 F6 66 00 93 CE FB FF
93 C2 F7 FF 13 4E FA FF 33 75 F5 01 13 C3 FA FF
33 78 18 01 93 C8 F9 FF B3 C6 76 01 33 48 58 01
BD 8D 33 45 E5 01 33 73 73 00 B3 FE 2E 01 B3 F2
C2 00 33 7E FE 00 B3 F8 E8 01 B3 C2 42 01 93 C7
F6 FF 33 4A A3 00 B3 CE BE 00 33 4E DE 00 B3 C8
08 01 93 4F FF FF 13 4F F8 FF 33 43 2E 01 B3 C6
CE 00 33 48 EA 00 33 C6 78 00 13 D9 17 00 93 D8
67 00 B3 FF EF 00 13 1E FF 01 93 1E AF 01 B3 CF
3F 01 93 93 36 00 93 99 96 01 B3 EE 1E 01 93 5B
D8 01 13 57 78 00 33 6E 2E 01 33 45 F5 01 B3 C5
55 00 B3 EB 7B 00 33 67 37 01 93 D3 72 00 33 4E
DE 01 93 98 9F 01 93 9E 72 01 93 D9 9F 00 13 DC
35 01 13 D9 C5 01 B3 E9 D9 01 93 1A D5 00 93 5E
13 01 13 1A 45 00 B3 E8 78 00 93 13 F6 00 B3 CD
EB 00 B3 EA 8A 01 33 6A 2A 01 13 5C A3 00 B3 E3
D3 01 13 17 38 00 13 19 66 01 93 DE D6 01 B3 EE
EE 00 33 69 89 01 13 17 98 01 13 DC 76 00 93 9B
F7 01 33 67 EC 00 33 4C FE 00 13 9E A7 01 B3 C7
4A 01 3E C2 13 5A 6F 00 93 57 1F 00 33 6E 4E 01
B3 E7 FB 00 13 9A D5 00 B3 C8 38 01 93 59 35 01
B3 C7 C7 01 B3 69 3A 01 13 DE 7F 00 13 9A 92 01
93 9A 45 00 33 49 79 00 33 C7 EE 00 93 53 C5 01
93 DE 92 00 33 6E CA 01 13 9A 7F 01 B3 E3 7A 00
33 EA 4E 01 B3 C9 79 00 93 1E 63 01 33 4E 4E 01
93 53 A6 00 12 4A 93 1A F3 00 B3 E3 7E 00 93 5E
16 01 B3 EA DA 01 B3 C6 DD 00 33 49 69 00 B3 C8
58 00 33 C3 E7 01 33 4E FE 01 93 4E BC 04 B3 45
BA 00 33 CF A9 00 B3 C3 53 01 33 47 07 01 B3 C3
C3 00 B3 C7 15 01 33 4F CF 01 B3 CB DE 00 13 C8
F6 FF B3 4A E3 00 B3 C9 C3 01 33 4A 19 01 93 45
F9 FF 13 45 F7 FF 13 C6 F3 FF 33 78 D8 01 93 C2
F7 FF 93 CE FB FF 93 4F FF FF 33 48 F8 00 B3 FE
2E 01 B3 F5 15 01 33 75 65 00 93 48 FA FF 13 C3
F9 FF 33 76 C6 01 B3 F2 D2 00 13 CE FA FF B3 FF
EF 00 B3 C2 42 01 B3 CF 3F 01 B3 C5 75 01 33 45
E5 01 33 46 56 01 B3 F7 F8 00 B3 CA 0E 01 33 73
E3 01 33 7E 7E 00 B3 CA DA 00 B3 C8 B7 00 B3 46
F5 01 B3 47 58 00 33 4E AE 00 33 43 C3 00 B3 C8
28 01 93 C9 F5 FF B3 4E EE 00 33 43 73 00 13 49
F6 FF 93 D3 37 01 13 D6 C7 01 13 DC C6 01 93 9B
D6 00 13 9A 46 00 93 95 47 00 13 D5 36 01 13 97
3A 00 B3 EB 7B 00 33 6A CA 00 93 93 9A 01 13 9F
D7 00 13 D6 DA 01 B3 E5 85 01 13 DE DE 01 13 9C
3E 00 13 D8 7E 00 33 6F AF 00 33 6E EE 00 33 68
78 00 13 D5 7A 00 13 97 9E 01 33 66 86 01 93 13
63 01 13 DC A8 00 59 8D B3 45 BF 00 B3 E3 83 01
13 17 F3 00 13 DC 18 01 33 67 87 01 B3 CD 4B 01
13 9C 68 01 2E C2 13 5F 13 01 13 9A F8 00 93 55
A3 00 33 6A EA 01 B3 65 BC 00 13 1F F9 01 33 4C
0E 01 13 D8 19 00 33 6F 0F 01 29 8E 13 18 A9 01
13 D5 69 00 33 65 A8 00 13 5E 19 00 13 98 F9 01
B3 C3 E3 00 33 68 C8 01 13 97 A9 01 13 5E 69 00
33 67 C7 01 33 4F AF 00 93 9B 9F 01 13 D5 72 00
B3 EB AB 00 33 48 E8 00 13 D5 9F 00 13 97 72 01
49 8F 13 DE 7F 00 13 95 92 01 B3 CB EB 00 33 6E
C5 01 13 D7 92 00 13 95 7F 01 49 8F 33 4E EE 00
12 47 B3 C5 45 01 B3 C7 FD 00 B9 8E B3 4A 5C 01
33 4A D6 01 B3 C3 13 01 B3 C5 65 00 33 4F 3F 01
33 48 28 01 B3 CB 5B 00 33 4E FE 01 37 07 00 80
B3 49 EE 00 72 47 19 E3 6F 20 70 1A 72 47 E2 4D
32 4C 3A C4 6A C2 7D 43 93 08 00 04 6A CA 66 CE
5A D0 26 D2 62 8E 01 46 81 4F 01 47 19 A8 81 42
33 95 AE 00 21 06 B3 EF 5F 00 49 8F 05 0E 63 07
16 03 13 05 06 FE 83 4E 0E 00 B3 02 C3 40 E3 50
05 FE 13 D5 1E 00 33 55 55 00 B3 92 CE 00 21 06
B3 EF 5F 00 49 8F 05 0E E3 1D 16 FD 35 8F B3 C7
FF 00 13 05 8C 00 81 46 81 42 81 44 19 A8 81 4E
33 16 CE 00 A1 06 B3 E2 D2 01 D1 8C 05 05 63 87
16 03 13 86 06 FE 03 4E 05 00 B3 0E D3 40 E3 50
06 FE 13 56 1E 00 33 56 D6 01 B3 1E DE 00 A1 06
B3 E2 D2 01 D1 8C 05 05 E3 9D 16 FD 12 4E B3 C2
52 01 B3 C4 44 01 81 46 93 1F 17 00 33 06 D3 40
33 D5 D7 00 33 96 CF 00 93 8E 06 FE 51 8D 63 C4
0E 00 33 55 D7 01 23 00 AE 00 A1 06 05 0E E3 9F
16 FD 92 46 93 9F 14 00 13 8E 86 00 81 46 33 06
D3 40 33 D5 D2 00 33 96 CF 00 93 8E 06 FE 51 8D
63 C4 0E 00 33 D5 D4 01 23 00 AE 00 A1 06 05 0E
E3 9F 16 FD 13 4F 4F 0B 33 CB E2 01 33 CA 7B 00
B3 CA 04 01 33 C9 B9 00 13 C6 F2 FF 93 C6 F4 FF
B3 C7 77 01 33 47 37 01 93 CF F3 FF 93 CE F5 FF
33 76 E6 01 13 4E FB FF 13 C5 FA FF B3 F6 06 01
13 4F F9 FF 13 48 FA FF 3D 8E B9 8E 33 7F EF 00
B3 FF 7F 01 B3 FE 3E 01 33 7E 7E 00 6D 8D 33 78
F8 00 13 47 F7 FF 93 C7 F7 FF B3 CF 6F 01 B3 CE
5E 01 B3 F7 57 00 65 8F 33 4E CE 00 35 8D B3 C7
47 01 33 47 27 01 13 CB FE FF 33 4E 5E 00 93 CC
FF FF 25 8D 33 48 78 00 B3 45 BF 00 33 48 F8 01
3D 8E B3 C5 D5 01 B9 8E 93 D2 1C 00 13 DF 6C 00
93 1A 3E 00 93 1E 9E 01 13 1A FB 01 93 13 AB 01
93 5F D5 01 93 54 75 00 B3 E3 E3 01 B3 E4 D4 01
13 5F 36 01 93 DE 77 00 33 6A 5A 00 93 99 D6 00
B3 EF 5F 01 93 1A 97 01 33 4A 7A 00 93 5B 97 00
B3 E9 E9 01 93 93 65 01 13 9F 77 01 B3 EA DA 01
93 5E A8 00 B3 EB EB 01 B3 E3 D3 01 13 9F F5 00
93 5E 18 01 93 52 C6 01 33 6F DF 01 13 99 46 00
93 5E DE 01 B3 CF 9F 00 93 14 35 00 33 69 59 00
B3 EE 9E 00 93 52 7E 00 93 14 95 01 B3 E2 92 00
B3 C9 29 01 93 94 FC 01 13 59 1B 00 33 4A 9A 01
B3 E4 24 01 EA 0C 13 59 6B 00 B3 EC 2C 01 B3 C3
E3 01 13 19 D6 00 13 DF 36 01 B3 CA 7A 01 33 69
E9 01 93 1B 46 00 13 DF C6 01 B3 EB EB 01 B3 C4
94 01 13 9F 97 01 93 5C 77 00 B3 CE 5E 00 33 6F
9F 01 93 D2 97 00 93 1C 77 01 B3 E2 92 01 33 4F
5F 00 93 1C 68 01 93 D2 A5 00 33 49 79 01 B3 E2
5C 00 93 1B F8 00 93 DC 15 01 B3 EB 9B 01 B3 CF
CF 01 B3 C3 03 01 B3 CE AE 00 13 4E 5A 0A B3 C4
64 01 B3 C2 72 01 B3 C2 B2 00 33 4F EF 00 33 CA
D4 01 B3 C9 C9 00 33 45 D9 00 33 C6 FA 00 13 C7
FF FF B3 4A FE 01 93 CB F3 FF 93 C7 FE FF 33 C8
C9 00 33 45 E5 01 B3 C9 C3 00 33 C9 E2 01 13 CB
F2 FF 33 77 C7 01 93 C5 FA FF B3 FB CB 00 E5 8F
13 46 FA FF 33 47 07 01 A9 8F 13 4E F8 FF 93 C6
F9 FF 33 7B EB 01 93 44 F5 FF 13 4F F9 FF B3 F5
75 00 33 76 56 00 B3 CB 5B 01 33 4B 4B 01 33 7E
FE 01 B9 8D B3 F6 06 01 B3 F4 D4 01 33 7F AF 00
3D 8E B3 49 3E 01 B3 C4 24 01 33 46 D6 01 13 49
FB FF B3 C6 76 00 33 4F 5F 00 93 C3 FB FF B3 C2
F5 01 33 47 37 01 B3 CF 76 01 A5 8F 13 D8 13 00
93 D6 63 00 93 95 92 01 13 1E F9 01 93 1E A9 01
93 5C 76 00 33 4F 6F 01 93 9A 32 00 B3 EE DE 00
B3 EC BC 00 13 55 D6 01 93 D5 79 00 33 6E 0E 01
93 9B D7 00 13 58 37 01 13 9B 94 01 13 5A C7 01
33 6B BB 00 93 96 47 00 93 D5 AF 00 33 65 55 01
33 4E DE 01 B3 EB 0B 01 93 DE 94 00 13 98 79 01
93 1A 6F 01 B3 E6 46 01 B3 EA BA 00 33 45 95 01
93 D5 1F 01 93 1C 36 00 B3 EE 0E 01 13 DA D2 01
13 18 FF 00 33 6A 9A 01 33 68 B8 00 93 1C 96 01
93 D5 72 00 B3 E5 95 01 B3 CB DB 00 93 9C F3 01
93 56 19 00 B3 EC DC 00 33 4E 7E 00 93 56 69 00
EA 03 B3 E3 D3 00 33 C8 0A 01 93 16 D7 00 93 DA
37 01 B3 4E DB 01 B3 EA 56 01 13 1B 47 00 93 D6
C7 01 B3 66 DB 00 B3 C3 7C 00 13 9B 99 01 93 DC
74 00 B3 45 BA 00 33 6B 9B 01 13 DA 99 00 93 9C
74 01 33 6A 9A 01 33 4A 4B 01 93 9C 6F 01 13 5B
AF 00 B3 CA DA 00 33 EB 6C 01 93 96 FF 00 93 5C
1F 01 B3 E6 96 01 B3 42 55 00 33 48 F8 01 B3 C3
23 01 B3 CF C5 00 13 4E 6E 09 33 4B DB 00 B3 CE
3E 01 33 4B EB 01 B3 49 5E 00 B3 CC F3 01 33 4A
9A 00 13 46 F8 FF B3 CB EB 00 B3 CA FA 00 13 C7
F2 FF 93 C7 FF FF B3 CB DB 01 B3 CA 4A 01 33 49
D8 01 13 4F FB FF 33 77 C7 01 93 C5 F9 FF 33 7E
D6 01 B3 F7 77 00 13 C6 FC FF B3 44 4B 01 B3 73
4F 01 33 47 77 01 B3 C7 57 01 13 C5 FB FF 93 46
F9 FF 93 CE FA FF B3 F5 05 01 33 76 66 01 33 4E
3E 01 B3 C3 93 01 33 75 55 00 B3 FE FE 01 B9 8D
13 CF F4 FF B3 F6 76 01 3D 8E 33 49 25 01 B3 C4
9E 00 B3 C9 55 00 33 46 F6 01 13 4A FE FF B3 C6
06 01 33 7F 5F 01 93 CA F3 FF B3 C2 C6 01 33 47
27 01 A5 8F 13 58 1A 00 93 56 6A 00 93 95 99 01
33 4F 6F 01 13 9E FA 01 93 9E AA 01 93 5C 76 00
33 4F 7F 00 B3 EE DE 00 93 93 39 00 B3 EC BC 00
13 55 D6 01 93 55 79 00 33 6E 0E 01 93 9B D7 00
13 58 37 01 13 9B 94 01 93 5F C7 01 33 6B BB 00
93 96 47 00 93 D5 A2 00 33 65 75 00 33 4E DE 01
B3 EB 0B 01 93 DE 94 00 13 18 79 01 93 13 6F 01
B3 E6 F6 01 B3 E3 B3 00 33 45 95 01 93 D5 12 01
93 1C 36 00 B3 EE 0E 01 93 DF D9 01 13 18 FF 00
B3 EF 9F 01 33 68 B8 00 93 1C 96 01 93 D5 79 00
B3 E5 95 01 B3 CB DB 00 93 1C FA 01 93 D6 1A 00
B3 EC DC 00 33 4E 4E 01 93 D6 6A 00 6A 0A 33 6A
DA 00 33 C8 03 01 93 16 D7 00 93 D3 37 01 B3 4E
DB 01 B3 E3 76 00 13 1B 47 00 93 D6 C7 01 B3 66
DB 00 33 CA 4C 01 13 1B 99 01 93 DC 74 00 B3 C5
BF 00 33 6B 9B 01 93 5F 99 00 93 9C 74 01 B3 EF
9F 01 33 4B FB 01 93 9C 62 01 93 5F AF 00 B3 C3
D3 00 B3 EC FC 01 93 96 F2 00 93 5F 1F 01 B3 E6
F6 01 33 48 58 00 B3 4F 35 01 B3 C2 C5 00 13 4E
7E 08 33 4A 5A 01 B3 CC DC 00 B3 CC EC 01 B3 49
FE 01 B3 4A 5A 00 B3 CE 2E 01 33 4B 9B 00 13 46
F8 FF B3 CB EB 00 B3 C3 F3 00 13 C7 FF FF 93 C7
F2 FF B3 CB DB 01 B3 C3 63 01 33 49 D8 01 13 CF
FC FF 33 77 C7 01 93 C5 F9 FF 33 7E D6 01 B3 F7
47 01 13 C6 FA FF B3 C4 6C 01 33 7A 6F 01 33 47
77 01 B3 C7 77 00 13 C5 FB FF 93 46 F9 FF 93 CE
F3 FF B3 F5 05 01 33 76 96 01 33 4E 3E 01 33 75
F5 01 33 4A 5A 01 B3 FE 5E 00 B9 8D 13 CF F4 FF
B3 F6 76 01 3D 8E 33 49 25 01 93 4A FA FF 33 46
56 00 93 49 FE FF B3 C6 06 01 33 7F 7F 00 B3 C3
9E 00 B3 C4 F5 01 33 47 27 01 B3 CF C6 01 B3 C7
77 00 13 D8 19 00 93 D6 69 00 93 95 94 01 33 4F
9F 01 13 9E FA 01 93 9E AA 01 93 5C 76 00 33 4F
4F 01 B3 EE DE 00 13 9A 34 00 B3 EC BC 00 13 55
D6 01 93 55 79 00 33 6E 0E 01 93 9B D7 00 13 58
37 01 13 9B 93 01 93 52 C7 01 33 6B BB 00 93 96
47 00 93 D5 AF 00 33 65 45 01 33 4E DE 01 B3 EB
0B 01 93 DE 93 00 13 18 79 01 13 1A 6F 01 B3 E6
56 00 33 6A BA 00 33 45 95 01 93 D5 1F 01 93 1C
36 00 B3 EE 0E 01 93 D2 D4 01 13 18 FF 00 B3 E2
92 01 33 68 B8 00 93 1C 96 01 93 D5 74 00 B3 E5
95 01 B3 CB DB 00 93 9C F9 01 93 D6 1A 00 B3 EC
DC 00 33 4E 3E 01 93 D6 6A 00 EA 09 B3 E9 D9 00
33 48 0A 01 93 16 D7 00 13 DA 37 01 B3 4E DB 01
33 EA 46 01 13 1B 47 00 93 D6 C7 01 B3 66 DB 00
B3 C9 3C 01 13 1B 99 01 93 DC 73 00 B3 C5 B2 00
33 6B 9B 01 93 52 99 00 93 9C 73 01 B3 E2 92 01
33 4B 5B 00 93 9C 6F 01 93 52 AF 00 33 4A DA 00
B3 EC 5C 00 93 96 FF 00 93 52 1F 01 B3 E6 56 00
33 48 F8 01 B3 42 95 00 B3 CF C5 00 13 4E 8E 07
B3 C9 59 01 B3 CC DC 00 B3 CE 2E 01 B3 CC EC 01
33 49 5E 00 B3 CA F9 01 33 4B 7B 00 13 46 F8 FF
B3 CB EB 00 33 4A FA 00 13 C7 F2 FF 93 C7 FF FF
B3 CB DB 01 33 4A 6A 01 B3 44 D8 01 13 CF FC FF
33 77 C7 01 93 45 F9 FF 33 7E D6 01 B3 F7 37 01
13 C6 FA FF B3 C3 6C 01 B3 79 6F 01 33 47 77 01
B3 C7 47 01 13 C5 FB FF 93 C6 F4 FF 93 4E FA FF
B3 F5 05 01 33 76 96 01 33 4E 2E 01 33 75 55 00
B3 C9 59 01 B3 FE FE 01 B9 8D 13 CF F3 FF B3 F6
76 01 3D 8E A9 8C B3 C3 7E 00 93 CA F9 FF 33 C9
55 00 33 46 F6 01 B3 C6 06 01 33 7F 4F 01 13 4A
FE FF B3 C2 C6 01 25 8F B3 C7 77 00 13 58 1A 00
93 56 6A 00 93 15 99 01 33 4F 9F 01 13 9E FA 01
93 9E AA 01 93 5C 76 00 33 4F 3F 01 B3 EE DE 00
93 19 39 00 B3 EC BC 00 13 55 D6 01 93 D5 74 00
33 6E 0E 01 93 9B D7 00 13 58 37 01 13 9B 93 01
93 5F C7 01 33 6B BB 00 93 96 47 00 93 D5 A2 00
33 65 35 01 33 4E DE 01 B3 EB 0B 01 93 DE 93 00
13 98 74 01 93 19 6F 01 B3 E6 F6 01 B3 E9 B9 00
33 45 95 01 93 D5 12 01 93 1C 36 00 B3 EE 0E 01
93 5F D9 01 13 18 FF 00 B3 EF 9F 01 33 68 B8 00
93 1C 96 01 93 55 79 00 B3 E5 95 01 B3 CB DB 00
93 1C FA 01 93 D6 1A 00 B3 EC DC 00 33 4E 4E 01
93 D6 6A 00 6A 0A 33 6A DA 00 33 C8 09 01 93 16
D7 00 93 D9 37 01 B3 4E DB 01 B3 E9 36 01 13 1B
47 00 93 D6 C7 01 B3 66 DB 00 33 CA 4C 01 13 9B
94 01 93 DC 73 00 B3 C5 BF 00 33 6B 9B 01 93 DF
94 00 93 9C 73 01 B3 EF 9F 01 33 4B FB 01 93 9C
62 01 93 5F AF 00 B3 C9 D9 00 B3 EC FC 01 93 96
F2 00 93 5F 1F 01 B3 E6 F6 01 33 48 58 00 B3 4F
25 01 B3 C2 C5 00 13 4E 9E 06 33 4A 5A 01 B3 CC
DC 00 B3 CC EC 01 33 49 FE 01 B3 4A 5A 00 B3 CE
9E 00 33 4B 7B 00 13 46 F8 FF B3 CB EB 00 B3 C9
F9 00 13 C7 FF FF 93 C7 F2 FF B3 CB DB 01 B3 C9
69 01 B3 44 D8 01 13 CF FC FF 33 77 C7 01 93 45
F9 FF 33 7E D6 01 B3 F7 47 01 13 C6 FA FF B3 C3
6C 01 33 7A 6F 01 33 47 77 01 B3 C7 37 01 13 C5
FB FF 93 C6 F4 FF 93 CE F9 FF B3 F5 05 01 33 76
96 01 33 4E 2E 01 33 75 F5 01 33 4A 5A 01 B3 FE
5E 00 B9 8D 13 CF F3 FF B3 F6 76 01 3D 8E A9 8C
B3 C3 7E 00 93 4A FA FF 33 C9 F5 01 33 46 56 00
B3 C6 06 01 33 7F 3F 01 93 49 FE FF B3 CF C6 01
25 8F B3 C7 77 00 13 D8 19 00 93 D6 69 00 93 15
99 01 33 4F 9F 01 13 9E FA 01 93 9E AA 01 93 5C
76 00 33 4F 4F 01 B3 EE DE 00 13 1A 39 00 B3 EC
BC 00 13 55 D6 01 93 D5 74 00 33 6E 0E 01 93 9B
D7 00 13 58 37 01 13 9B 93 01 93 52 C7 01 33 6B
BB 00 93 96 47 00 93 D5 AF 00 33 65 45 01 33 4E
DE 01 B3 EB 0B 01 93 DE 93 00 13 98 74 01 13 1A
6F 01 B3 E6 56 00 33 6A BA 00 33 45 95 01 93 D5
1F 01 93 1C 36 00 B3 EE 0E 01 93 52 D9 01 13 18
FF 00 B3 E2 92 01 33 68 B8 00 93 1C 96 01 93 55
79 00 B3 E5 95 01 B3 CB DB 00 93 9C F9 01 93 D6
1A 00 B3 EC DC 00 33 4E 3E 01 93 D6 6A 00 EA 09
B3 E9 D9 00 33 48 0A 01 93 16 D7 00 13 DA 37 01
B3 4E DB 01 33 EA 46 01 13 1B 47 00 93 D6 C7 01
B3 66 DB 00 B3 C9 3C 01 13 9B 94 01 93 DC 73 00
B3 C5 B2 00 33 6B 9B 01 93 D2 94 00 93 9C 73 01
B3 E2 92 01 33 4B 5B 00 93 9C 6F 01 93 52 AF 00
33 4A DA 00 B3 EC 5C 00 93 96 FF 00 93 52 1F 01
B3 E6 56 00 33 48 F8 01 B3 42 25 01 B3 CF C5 00
13 4E AE 05 B3 C9 59 01 B3 CC DC 00 B3 CC EC 01
33 49 5E 00 B3 CA F9 01 B3 CE 9E 00 33 4B 7B 00
13 46 F8 FF B3 CB EB 00 33 4A FA 00 13 C7 F2 FF
93 C7 FF FF B3 CB DB 01 33 4A 6A 01 B3 44 D8 01
13 CF FC FF 33 77 C7 01 93 45 F9 FF 33 7E D6 01
B3 F7 37 01 13 C6 FA FF B3 C3 6C 01 B3 79 6F 01
33 47 77 01 B3 C7 47 01 13 C5 FB FF 93 C6 F4 FF
93 4E FA FF B3 F5 05 01 33 76 96 01 33 4E 2E 01
33 75 55 00 B3 C9 59 01 B3 FE FE 01 B9 8D 13 CF
F3 FF B3 F6 76 01 3D 8E A9 8C B3 C3 7E 00 93 CA
F9 FF 33 46 F6 01 33 C9 55 00 B3 C6 06 01 33 7F
4F 01 13 4A FE FF B3 C2 C6 01 25 8F B3 C7 77 00
13 58 1A 00 93 56 6A 00 93 15 99 01 33 4F 9F 01
13 9E FA 01 93 9E AA 01 93 5C 76 00 33 4F 3F 01
B3 EE DE 00 93 19 39 00 B3 EC BC 00 13 55 D6 01
93 D5 74 00 33 6E 0E 01 93 9B D7 00 13 58 37 01
13 9B 93 01 93 5F C7 01 33 6B BB 00 93 96 47 00
93 D5 A2 00 33 65 35 01 33 4E DE 01 B3 EB 0B 01
93 DE 93 00 13 98 74 01 93 19 6F 01 B3 E6 F6 01
B3 E9 B9 00 33 45 95 01 93 D5 12 01 93 1C 36 00
B3 EE 0E 01 93 5F D9 01 13 18 FF 00 B3 EF 9F 01
33 68 B8 00 93 1C 96 01 93 55 79 00 B3 E5 95 01
B3 CB DB 00 93 1C FA 01 93 D6 1A 00 B3 EC DC 00
33 4E 4E 01 93 D6 6A 00 6A 0A 33 6A DA 00 33 C8
09 01 93 16 D7 00 93 D9 37 01 B3 4E DB 01 B3 E9
36 01 13 1B 47 00 93 D6 C7 01 B3 66 DB 00 33 CA
4C 01 13 9B 94 01 93 DC 73 00 B3 C5 BF 00 33 6B
9B 01 93 DF 94 00 93 9C 73 01 B3 EF 9F 01 33 4B
FB 01 93 9C 62 01 93 5F AF 00 B3 C9 D9 00 B3 EF
FC 01 93 96 F2 00 93 5C 1F 01 B3 E6 96 01 33 49
25 01 B1 8D 33 4A 5A 01 B3 CF DF 00 13 4E BE 04
33 48 58 00 B3 CA EF 01 B3 CE 9E 00 33 4B 7B 00
B3 4C BA 00 B3 CB EB 00 93 C6 F5 FF 33 C7 F9 00
B3 49 2E 01 93 47 F9 FF B3 CB DB 01 33 4F 67 01
B3 CF 6A 01 B3 F7 C7 01 93 C3 F9 FF 13 46 F8 FF
B3 F6 46 01 13 CE FC FF 33 4D D8 01 B3 C7 77 01
B3 C6 E6 01 93 C4 FB FF 13 C7 FA FF B3 F3 03 01
33 76 D6 01 93 42 FF FF 93 CE FF FF 33 7E 5E 01
B3 C3 F3 00 13 45 FD FF B3 F4 24 01 33 77 67 01
B3 F2 B2 00 33 FF EE 01 33 4E DE 00 B3 C4 A4 01
B3 C2 F2 01 B3 CE 23 01 33 4E BE 00 33 47 97 01
33 4F 5F 01 22 4D 33 75 75 01 B3 45 EF 00 A5 8F
B3 C6 56 00 33 45 05 01 93 93 3E 00 13 98 9E 01
93 5A DE 01 13 5F 7E 00 33 46 36 01 33 6F 0F 01
93 D9 37 01 13 D8 C7 01 93 8C 0D FF 13 1B 3E 00
13 19 9E 01 93 9B D6 00 B3 EA 7A 00 13 DA DE 01
93 93 46 00 93 DF 7E 00 31 8D B3 EF 2F 01 B3 EB
3B 01 B3 BD BC 01 93 D9 36 01 33 6A 6A 01 13 99
47 00 13 9B D7 00 B3 E3 03 01 7D 1D 13 D8 C6 01
33 6B 3B 01 6E 9D 93 99 65 01 33 69 09 01 13 58
A5 00 B3 E9 09 01 6A C4 13 98 F5 00 13 5D 15 01
33 68 A8 01 B3 CA EA 01 13 1D 65 01 13 DF A5 00
13 46 F6 FF 13 47 F7 FF 93 1D F5 00 33 6D ED 01
13 DF 15 01 33 EF ED 01 33 4A FA 01 93 1D F7 01
93 5F 16 00 B3 ED FD 01 33 49 2B 01 93 1F A7 01
13 5B 66 00 33 4D ED 01 B3 EF 6F 01 13 5F 17 00
13 1B F6 01 33 C8 09 01 33 6B EB 01 93 19 A6 01
13 5F 67 00 B3 C3 7B 00 33 EF E9 01 93 9B 92 01
93 D9 74 00 B3 EB 3B 01 33 4B EB 01 93 D9 92 00
13 9F 74 01 33 EF E9 01 B3 CF FD 01 B3 CB EB 01
93 9D 94 01 13 DF 72 00 33 EF ED 01 93 D9 94 00
93 9D 72 01 B3 E9 B9 01 B3 49 3F 01 12 4F B3 45
BD 00 22 4D 41 0F 7A C2 B3 C7 F3 00 41 0C B3 43
A8 00 E6 8D B3 CA DA 01 33 4A CA 01 B3 46 D9 00
33 CF CF 00 33 48 EB 00 B3 CB 9B 00 B3 C9 59 00
63 04 0D 00 6F E0 1F F9 3D 47 63 74 97 01 6F E0
7F F8 E2 48 52 4D 32 46 13 87 08 FF 41 9B 13 05
0D 01 41 06 F2 4C 02 5B 92 54 33 0D E5 00 32 97
3A C6 13 F9 F8 00 1D 47 63 6E 27 0B 81 4F 63 14
09 00 6F 10 70 0B B2 48 01 46 01 45 B3 8F 28 01
01 4E FD 4E 21 A8 81 42 33 17 E3 00 85 08 33 65
55 00 33 6E EE 00 21 06 63 88 1F 03 13 07 06 FE
03 C3 08 00 B3 82 CE 40 E3 5F 07 FC 13 57 13 00
33 57 57 00 85 08 B3 12 C3 00 33 65 55 00 33 6E
EE 00 21 06 E3 9C 1F FD 33 CE C6 01 3D 8D F2 86
13 1C 1E 00 AA 87 6A 83 93 1F 39 00 01 47 FD 42
33 86 E2 40 B3 58 E5 00 33 16 CC 00 93 0E 07 FE
B3 68 16 01 63 C4 0E 00 B3 58 DE 01 23 00 13 01
21 07 05 03 E3 9E EF FC 13 86 0F FE 63 54 06 00
6F 10 90 01 05 47 33 17 C7 00 01 46 B1 8F 35 8F
6A 99 B1 A2 32 45 01 47 01 4E 01 43 FD 42 93 0F
00 04 21 A8 81 4E 33 96 C8 00 21 07 33 6E DE 01
33 63 C3 00 05 05 63 08 F7 03 13 06 07 FE 83 48
05 00 B3 8E E2 40 E3 5F 06 FC 13 D6 18 00 33 56
D6 01 B3 9E E8 00 21 07 33 6E DE 01 33 63 C3 00
05 05 E3 1C F7 FD 13 05 89 FF B3 47 FE 00 33 47
D3 00 25 C1 B2 46 01 46 81 4E 93 88 86 00 33 8C
26 01 01 4E FD 42 21 A8 81 4F B3 16 D3 00 85 08
B3 EE FE 01 33 6E DE 00 21 06 63 08 1C 03 93 06
06 FE 03 C3 08 00 B3 8F C2 40 E3 DF 06 FC 93 56
13 00 B3 D6 F6 01 85 08 B3 1F C3 00 B3 EE FE 01
33 6E DE 00 21 06 E3 1C 1C FD B3 CA DA 01 33 4A
CA 01 6A 83 81 46 93 12 17 00 FD 4F 93 0E 00 04
33 86 DF 40 B3 D8 D7 00 33 96 C2 00 13 8E 06 FE
B3 68 16 01 63 44 0E 00 B3 58 C7 01 23 00 13 01
A1 06 05 03 E3 9E D6 FD 6A 99 93 08 8D 00 01 46
93 1F 1A 00 FD 4E 0D C5 B3 86 CE 40 33 D3 CA 00
B3 96 DF 00 13 0E 06 FE 33 E3 66 00 63 44 0E 00
33 53 CA 01 23 80 68 00 85 08 21 06 E3 1E 19 FD
0E 05 13 06 05 FE 63 54 06 00 6F 10 20 6C 85 46
B3 96 C6 00 01 46 B3 CA CA 00 33 4A DA 00 3E C6
C2 47 B3 46 0B 01 05 45 B3 C3 F3 00 B3 CD 95 00
33 CC EC 01 3A CA 36 C4 1E C2 EF B0 EF 95 92 43
A2 46 B2 47 52 47 13 46 0C 0F B3 C7 77 01 33 CC
CA 00 33 4D DA 00 13 C3 FA FF 13 C8 F3 FF 13 4F
FA FF 33 47 37 01 B3 C2 73 01 B3 CF 3D 01 93 C8
F7 FF 33 7F DF 00 93 CE FD FF 33 73 C3 00 13 4E
FC FF 33 78 78 01 13 46 FD FF B3 FE 3E 01 93 C6
FF FF 33 43 F3 00 33 48 88 01 33 76 B6 01 33 FC
58 01 13 C5 F2 FF B3 48 EF 00 93 45 F7 FF 33 7E
7E 00 B3 F5 45 01 33 4E 6E 00 7D 8D B3 C7 AE 01
B3 FE E6 00 33 47 16 01 B3 CB F5 01 33 4C 5C 00
33 4D 5E 01 33 4A 47 01 33 45 05 01 33 43 83 01
B3 4A 75 00 B3 C8 78 01 93 13 3D 00 93 15 9D 01
93 12 9A 01 B3 CE FE 00 93 5F DA 01 93 56 7A 00
93 59 7D 00 B3 CE BE 01 13 55 33 01 13 16 3A 00
13 9E D8 00 13 97 48 00 CD 8E B3 E9 59 00 93 15
D3 00 93 D2 38 01 13 5F DD 01 B3 EF 7F 00 93 53
C3 01 33 67 77 00 33 6F CF 00 93 93 6E 01 13 16
43 00 33 6E AE 00 B3 E5 55 00 13 D5 C8 01 93 D2
AA 00 49 8E B3 E3 53 00 13 95 FE 00 93 D2 1A 01
33 4F 3F 01 33 65 55 00 93 D9 AE 00 93 92 6A 01
93 C7 F7 FF 13 48 F8 FF B3 CF DF 00 B3 E2 32 01
93 96 FA 00 93 D9 1E 01 B3 E6 36 01 33 4E EE 00
93 99 F7 01 13 57 18 00 B3 E9 E9 00 B1 8D 13 97
A7 01 13 56 68 00 B3 C2 D2 00 51 8F 93 D6 17 00
13 16 F8 01 B3 C3 A3 00 55 8E 13 15 A8 01 93 D6
67 00 55 8D B3 C9 E9 00 93 96 9B 01 13 57 7C 00
29 8E D9 8E 13 15 7C 01 13 D7 9B 00 49 8F 93 1D
9C 01 13 D5 7B 00 B9 8E 33 E5 AD 00 13 57 9C 00
93 9D 7B 01 33 67 B7 01 29 8F 33 4E 6E 00 B3 C5
15 01 33 C8 09 01 01 45 B3 CD 53 01 33 CD AF 01
B3 CA D2 01 33 4A 4F 01 B3 49 F6 00 33 CC 86 01
B3 4B 77 01 72 C6 2E C4 42 C2 EF A0 FF F6 12 48
A2 45 32 4E 33 CF 8D 01 B3 CE 75 01 33 C5 7A 01
33 4E 8E 01 93 47 18 0E 93 C8 FA FF 13 C6 FD FF
B3 C2 49 01 33 C8 A7 01 B3 F5 78 01 93 4F FE FF
33 76 86 01 13 43 FF FF 13 47 FA FF 93 48 F5 FF
93 C3 FE FF 33 46 06 01 B3 C5 55 00 93 46 FD FF
33 73 C3 01 33 77 37 01 B3 F8 D8 01 B3 F9 AF 01
B3 F3 43 01 B3 C3 A3 00 B3 C9 E9 01 FD 8E 33 43
C3 00 93 47 F8 FF 13 46 F6 FF 13 C8 F2 FF B3 C8
B8 00 93 C5 F5 FF 33 43 B3 01 B3 C8 58 01 B3 C6
C6 01 33 47 D7 01 93 5F 16 00 13 DF 79 00 B3 F7
B7 01 33 78 58 01 93 92 F5 01 93 9A 93 01 13 9E
79 01 B5 8F 33 48 E8 00 93 DB 93 00 B3 E2 F2 01
B3 EA EA 01 93 9F 68 01 13 5F A3 00 B3 C7 A7 01
33 48 48 01 13 5D 66 00 B3 EB CB 01 13 9A A5 01
13 9E F8 00 B3 EF EF 01 13 5F 13 01 33 6A AA 01
33 6E EE 01 B3 CA 7A 01 13 1F 63 01 93 DB A8 00
B3 C2 42 01 33 6F 7F 01 13 1A F3 00 93 DB 18 01
33 6A 7A 01 33 4F 4F 01 93 9B 99 01 13 DA 73 00
33 47 77 00 B3 C6 36 01 13 9C 37 00 13 95 97 01
93 5E D8 01 13 5D 78 00 B3 CF CF 01 33 EA 4B 01
13 DE 99 00 93 9B 73 01 33 6D AD 00 33 6E 7E 01
13 D5 36 01 B3 EE 8E 01 13 1C D7 00 33 6C AC 00
33 4A CA 01 13 15 47 00 13 DE C6 01 93 DB D7 01
B3 CE AE 01 13 1D 38 00 B3 EB AB 01 33 65 C5 01
13 1D 98 01 13 DE 77 00 33 6E AE 01 33 45 AC 00
13 1D F6 01 13 DC 15 00 33 6C 8D 01 B3 C2 C2 00
13 DD 65 00 6A 06 B3 CF 6F 00 33 66 A6 01 13 53
37 01 13 9D D6 00 B3 CA 3A 01 33 6D 6D 00 93 99
46 00 13 53 C7 01 33 E3 69 00 33 CE CB 01 33 43
6D 00 33 4F 1F 01 B3 CE FE 00 33 4E 0E 01 33 4A
7A 00 33 46 CC 00 93 C2 22 0D 35 8D 93 C7 FF FF
33 43 E3 00 33 CC 5F 01 B3 43 B6 00 B3 4B 4F 01
B3 45 55 01 B3 C9 D2 01 33 47 43 01 13 4D FE FF
93 46 FF FF 13 C6 FE FF B3 F7 57 01 13 45 FC FF
B3 CA C3 01 B3 C7 37 01 B3 F6 46 01 93 C8 FB FF
33 76 56 00 13 C8 F9 FF B3 72 7D 00 93 C9 F5 FF
93 43 F7 FF 33 73 B5 00 B3 C6 56 01 13 C5 FA FF
B3 F8 E8 00 B3 F9 D9 01 B3 F3 C3 01 B3 C9 89 01
B3 C3 73 01 33 C7 E2 00 33 43 F3 00 33 75 E5 01
93 C7 F7 FF B3 C8 D8 00 93 C6 F6 FF 33 43 F3 01
B3 C8 E8 01 13 DA 79 00 33 78 F8 01 39 8D 93 DF
17 00 93 92 F6 01 93 9A 93 01 33 45 C5 01 93 DB
93 00 13 9E 79 01 B3 E2 F2 01 B3 EA 4A 01 93 9F
68 01 13 5A A3 00 2D 8E B3 EB CB 01 93 D5 67 00
13 9F A6 01 13 9E F8 00 B3 EF 4F 01 13 5A 13 01
33 6F BF 00 33 6E 4E 01 B3 CA 7A 01 13 9A 99 01
93 DB 73 00 B3 C2 E2 01 33 6A 7A 01 13 DF 99 00
93 9B 73 01 33 6F 7F 01 33 48 C8 00 33 48 D8 01
93 1B 63 01 33 4A EA 01 13 DF A8 00 33 46 36 01
33 47 77 00 13 1C 38 00 93 15 98 01 93 5E D5 01
13 5D 75 00 B3 CF CF 01 33 EF EB 01 13 1E F3 00
93 DB 18 01 33 6D BD 00 33 6E 7E 01 93 55 36 01
B3 EE 8E 01 13 1C D7 00 33 6C BC 00 33 4F CF 01
93 15 47 00 13 5E C6 01 93 5B D8 01 B3 CE AE 01
13 1D 35 00 B3 EB AB 01 B3 E5 C5 01 13 1D 95 01
13 5E 78 00 B3 45 BC 00 33 6E AE 01 13 DC 16 00
13 9D F7 01 33 6C 8D 01 B3 C2 F2 00 13 DD 66 00
EA 07 B3 CF 6F 00 B3 E7 A7 01 13 53 37 01 13 1D
D6 00 B3 CA 3A 01 33 6D 6D 00 93 19 46 00 13 53
C7 01 33 E3 69 00 33 4F 1F 01 33 43 6D 00 33 CE
CB 01 B3 47 FC 00 B3 CE 0E 01 33 4E AE 00 33 4A
7A 00 33 C8 C5 00 93 C2 32 0C B5 8F 93 C5 FF FF
33 47 E3 00 93 46 FF FF 33 45 58 01 B3 CB 5F 01
33 4C 4F 01 B3 C9 D2 01 B3 C3 C7 01 33 47 47 01
13 C6 FE FF B3 F5 55 01 B3 F6 46 01 B3 C5 35 01
93 4A FE FF B3 C6 76 00 13 C3 FB FF 93 48 FC FF
33 76 56 00 13 C8 F9 FF 93 C2 F3 FF 93 49 F5 FF
93 43 F7 FF B3 F7 FA 00 33 73 A3 00 B3 F8 E8 00
B3 F9 D9 01 B3 F3 C3 01 B3 C9 79 01 B3 C3 83 01
29 8E 3D 8F 33 F5 E2 01 93 C7 F5 FF 33 43 B3 00
B3 C8 D8 00 93 C6 F6 FF 33 43 F3 01 B3 C8 E8 01
13 DA 79 00 33 78 F8 01 39 8D 93 DF 17 00 93 92
F6 01 93 9A 93 01 33 45 C5 01 93 DB 93 00 13 9E
79 01 B3 E2 F2 01 B3 EA 4A 01 93 9F 68 01 13 5A
A3 00 93 D5 67 00 B3 EB CB 01 13 9F A6 01 13 9E
F8 00 B3 EF 4F 01 13 5A 13 01 33 6F BF 00 33 6E
4E 01 B3 CA 7A 01 13 9A 99 01 93 DB 73 00 B3 C2
E2 01 33 6A 7A 01 13 DF 99 00 93 9B 73 01 33 6F
7F 01 33 48 C8 00 33 48 D8 01 93 1B 63 01 33 4A
EA 01 13 DF A8 00 33 46 36 01 33 47 77 00 13 1C
38 00 93 15 98 01 93 5E D5 01 13 5D 75 00 B3 CF
CF 01 33 EF EB 01 13 1E F3 00 93 DB 18 01 33 6D
BD 00 33 6E 7E 01 93 55 36 01 B3 EE 8E 01 13 1C
D7 00 33 6C BC 00 33 4F CF 01 93 15 47 00 13 5E
C6 01 93 5B D8 01 B3 CE AE 01 13 1D 35 00 B3 EB
AB 01 B3 E5 C5 01 13 1D 95 01 13 5E 78 00 B3 45
BC 00 33 6E AE 01 13 DC 16 00 13 9D F7 01 33 6C
8D 01 B3 C2 F2 00 13 DD 66 00 EA 07 B3 CF 6F 00
B3 E7 A7 01 13 53 37 01 13 1D D6 00 B3 CA 3A 01
33 6D 6D 00 93 19 46 00 13 53 C7 01 33 E3 69 00
33 4F 1F 01 33 43 6D 00 33 CE CB 01 B3 47 FC 00
B3 CE 0E 01 33 4E AE 00 33 4A 7A 00 33 C8 C5 00
93 C2 42 0B B5 8F 93 C5 FF FF 33 47 E3 00 93 46
FF FF 33 45 58 01 B3 CB 5F 01 33 4C 4F 01 B3 C9
D2 01 B3 C3 C7 01 33 47 47 01 13 C6 FE FF B3 F5
55 01 B3 F6 46 01 B3 C5 35 01 93 4A FE FF B3 C6
76 00 13 C3 FB FF 93 48 FC FF 33 76 56 00 13 C8
F9 FF 93 C2 F3 FF 93 49 F5 FF 93 43 F7 FF B3 F7
FA 00 33 73 A3 00 B3 F8 E8 00 B3 F9 D9 01 B3 F3
C3 01 B3 C9 79 01 B3 C3 83 01 29 8E 3D 8F 33 F5
E2 01 93 C7 F5 FF 33 43 B3 00 B3 C8 D8 00 93 C6
F6 FF 33 43 F3 01 B3 C8 E8 01 13 DA 79 00 33 78
F8 01 39 8D 93 DF 17 00 93 92 F6 01 93 9A 93 01
33 45 C5 01 93 DB 93 00 13 9E 79 01 B3 E2 F2 01
B3 EA 4A 01 93 9F 68 01 13 5A A3 00 93 D5 67 00
B3 EB CB 01 13 9F A6 01 13 9E F8 00 B3 EF 4F 01
13 5A 13 01 33 6F BF 00 33 6E 4E 01 B3 CA 7A 01
13 9A 99 01 93 DB 73 00 B3 C2 E2 01 33 6A 7A 01
13 DF 99 00 93 9B 73 01 33 6F 7F 01 33 48 C8 00
33 48 D8 01 93 1B 63 01 33 4A EA 01 13 DF A8 00
33 46 36 01 33 47 77 00 13 1C 38 00 93 15 98 01
93 5E D5 01 13 5D 75 00 B3 CF CF 01 33 EF EB 01
13 1E F3 00 93 DB 18 01 33 6D BD 00 33 6E 7E 01
93 55 36 01 B3 EE 8E 01 13 1C D7 00 33 6C BC 00
33 4F CF 01 93 15 47 00 13 5E C6 01 93 5B D8 01
B3 CE AE 01 13 1D 35 00 B3 EB AB 01 B3 E5 C5 01
13 1D 95 01 13 5E 78 00 B3 45 BC 00 33 6E AE 01
13 DC 16 00 13 9D F7 01 33 6C 8D 01 B3 C2 F2 00
13 DD 66 00 EA 07 B3 CF 6F 00 B3 E7 A7 01 13 53
37 01 13 1D D6 00 B3 CA 3A 01 33 6D 6D 00 93 19
46 00 13 53 C7 01 33 E3 69 00 33 4F 1F 01 33 43
6D 00 33 CE CB 01 B3 47 FC 00 B3 CE 0E 01 33 4E
AE 00 33 4A 7A 00 33 C8 C5 00 93 C2 52 0A B5 8F
93 C5 FF FF 33 47 E3 00 93 46 FF FF 33 45 58 01
B3 CB 5F 01 33 4C 4F 01 B3 C9 D2 01 B3 C3 C7 01
33 47 47 01 13 C6 FE FF B3 F5 55 01 B3 F6 46 01
B3 C5 35 01 93 4A FE FF B3 C6 76 00 13 C3 FB FF
93 48 FC FF 33 76 56 00 13 C8 F9 FF 93 C2 F3 FF
93 49 F5 FF 93 43 F7 FF B3 F7 FA 00 33 73 A3 00
B3 F8 E8 00 B3 F9 D9 01 B3 F3 C3 01 B3 C9 79 01
B3 C3 83 01 29 8E 3D 8F 33 F5 E2 01 93 C7 F5 FF
33 43 B3 00 B3 C8 D8 00 93 C6 F6 FF 33 43 F3 01
B3 C8 E8 01 13 DA 79 00 33 78 F8 01 39 8D 93 DF
17 00 93 92 F6 01 93 9A 93 01 33 45 C5 01 93 DB
93 00 13 9E 79 01 B3 E2 F2 01 B3 EA 4A 01 93 9F
68 01 13 5A A3 00 93 D5 67 00 B3 EB CB 01 13 9F
A6 01 13 9E F8 00 B3 EF 4F 01 13 5A 13 01 33 6F
BF 00 33 6E 4E 01 B3 CA 7A 01 13 9A 99 01 93 DB
73 00 B3 C2 E2 01 33 6A 7A 01 13 DF 99 00 93 9B
73 01 33 6F 7F 01 33 48 C8 00 33 48 D8 01 93 1B
63 01 33 4A EA 01 13 DF A8 00 33 46 36 01 33 47
77 00 13 1C 38 00 93 15 98 01 93 5E D5 01 13 5D
75 00 B3 CF CF 01 33 EF EB 01 13 1E F3 00 93 DB
18 01 33 6D BD 00 33 6E 7E 01 93 55 36 01 B3 EE
8E 01 13 1C D7 00 33 6C BC 00 33 4F CF 01 93 15
47 00 13 5E C6 01 93 5B D8 01 B3 CE AE 01 13 1D
35 00 B3 EB AB 01 B3 E5 C5 01 13 1D 95 01 13 5E
78 00 B3 45 BC 00 33 6E AE 01 13 DC 16 00 13 9D
F7 01 33 6C 8D 01 B3 C2 F2 00 13 DD 66 00 EA 07
B3 CF 6F 00 B3 E7 A7 01 13 53 37 01 13 1D D6 00
B3 CA 3A 01 33 6D 6D 00 93 19 46 00 13 53 C7 01
33 E3 69 00 33 4F 1F 01 33 43 6D 00 33 CE CB 01
B3 47 FC 00 B3 CE 0E 01 33 4E AE 00 33 4A 7A 00
33 C8 C5 00 93 C2 62 09 B5 8F 93 C5 FF FF 33 47
E3 00 93 46 FF FF 33 45 58 01 B3 CB 5F 01 33 4C
4F 01 B3 C9 D2 01 B3 C3 C7 01 33 47 47 01 13 C6
FE FF B3 F5 55 01 B3 F6 46 01 B3 C5 35 01 93 4A
FE FF B3 C6 76 00 13 C3 FB FF 93 48 FC FF 33 76
56 00 13 C8 F9 FF 93 C2 F3 FF 93 49 F5 FF 93 43
F7 FF B3 F7 FA 00 33 73 A3 00 B3 F8 E8 00 B3 F9
D9 01 B3 F3 C3 01 B3 C9 79 01 B3 C3 83 01 29 8E
3D 8F 33 F5 E2 01 93 C7 F5 FF 33 43 B3 00 B3 C8
D8 00 93 C6 F6 FF 33 43 F3 01 B3 C8 E8 01 13 DA
79 00 33 78 F8 01 39 8D 93 DF 17 00 93 92 F6 01
93 9A 93 01 33 45 C5 01 93 DB 93 00 13 9E 79 01
B3 E2 F2 01 B3 EA 4A 01 93 9F 68 01 13 5A A3 00
93 D5 67 00 B3 EB CB 01 13 9F A6 01 13 9E F8 00
B3 EF 4F 01 13 5A 13 01 33 6F BF 00 33 6E 4E 01
B3 CA 7A 01 13 9A 99 01 93 DB 73 00 B3 C2 E2 01
33 6A 7A 01 13 DF 99 00 93 9B 73 01 33 6F 7F 01
33 48 C8 00 33 48 D8 01 93 1B 63 01 33 4A EA 01
13 DF A8 00 33 46 36 01 33 47 77 00 13 1C 38 00
93 15 98 01 93 5E D5 01 13 5D 75 00 B3 CF CF 01
33 EF EB 01 13 1E F3 00 93 DB 18 01 33 6D BD 00
33 6E 7E 01 93 55 36 01 B3 EE 8E 01 13 1C D7 00
33 6C BC 00 33 4F CF 01 93 15 47 00 13 5E C6 01
93 5B D8 01 B3 CE AE 01 13 1D 35 00 B3 EB AB 01
B3 E5 C5 01 13 1D 95 01 13 5E 78 00 B3 45 BC 00
33 6E AE 01 13 DC 16 00 13 9D F7 01 33 6C 8D 01
B3 C2 F2 00 13 DD 66 00 EA 07 B3 CF 6F 00 B3 E7
A7 01 13 53 37 01 13 1D D6 00 B3 CA 3A 01 33 6D
6D 00 93 19 46 00 13 53 C7 01 33 E3 69 00 33 4F
1F 01 33 43 6D 00 33 CE CB 01 B3 47 FC 00 B3 CE
0E 01 33 4E AE 00 33 4A 7A 00 33 C8 C5 00 93 C2
72 08 B5 8F 93 C5 FF FF 33 47 E3 00 93 46 FF FF
33 45 58 01 B3 CB 5F 01 33 4C 4F 01 B3 C9 D2 01
B3 C3 C7 01 33 47 47 01 13 C6 FE FF B3 F5 55 01
B3 F6 46 01 B3 C5 35 01 93 4A FE FF B3 C6 76 00
13 C3 FB FF 93 48 FC FF 33 76 56 00 13 C8 F9 FF
93 C2 F3 FF 93 49 F5 FF 93 43 F7 FF B3 F7 FA 00
33 73 A3 00 B3 F8 E8 00 B3 F9 D9 01 B3 F3 C3 01
B3 C9 79 01 B3 C3 83 01 29 8E 3D 8F 33 F5 E2 01
93 C7 F5 FF 33 43 B3 00 B3 C8 D8 00 93 C6 F6 FF
33 43 F3 01 B3 C8 E8 01 13 DA 79 00 33 78 F8 01
39 8D 93 DF 17 00 93 92 F6 01 93 9A 93 01 33 45
C5 01 93 DB 93 00 13 9E 79 01 B3 E2 F2 01 B3 EA
4A 01 93 9F 68 01 13 5A A3 00 93 D5 67 00 B3 EB
CB 01 13 9F A6 01 13 9E F8 00 B3 EF 4F 01 13 5A
13 01 33 6F BF 00 33 6E 4E 01 B3 CA 7A 01 13 9A
99 01 93 DB 73 00 B3 C2 E2 01 33 6A 7A 01 13 DF
99 00 93 9B 73 01 33 6F 7F 01 33 48 C8 00 33 48
D8 01 93 1B 63 01 33 4A EA 01 13 DF A8 00 33 46
36 01 33 47 77 00 13 1C 38 00 93 15 98 01 93 5E
D5 01 13 5D 75 00 B3 CF CF 01 33 EF EB 01 13 1E
F3 00 93 DB 18 01 33 6D BD 00 33 6E 7E 01 93 55
36 01 B3 EE 8E 01 13 1C D7 00 33 6C BC 00 33 4F
CF 01 93 15 47 00 13 5E C6 01 93 5B D8 01 B3 CE
AE 01 13 1D 35 00 B3 EB AB 01 B3 E5 C5 01 13 1D
95 01 13 5E 78 00 B3 45 BC 00 33 6E AE 01 13 DC
16 00 13 9D F7 01 33 6C 8D 01 B3 C2 F2 00 13 DD
66 00 EA 07 B3 CF 6F 00 B3 E7 A7 01 13 53 37 01
13 1D D6 00 B3 CA 3A 01 33 6D 6D 00 93 19 46 00
13 53 C7 01 33 E3 69 00 33 4F 1F 01 33 43 6D 00
33 CE CB 01 B3 47 FC 00 B3 CE 0E 01 33 4E AE 00
33 4A 7A 00 33 C8 C5 00 93 C2 82 07 B5 8F 93 C5
FF FF 33 47 E3 00 93 46 FF FF 33 45 58 01 B3 CB
5F 01 33 4C 4F 01 B3 C9 D2 01 B3 C3 C7 01 33 47
47 01 13 C6 FE FF B3 F5 55 01 B3 F6 46 01 B3 C5
35 01 93 4A FE FF B3 C6 76 00 13 C3 FB FF 93 48
FC FF 33 76 56 00 13 C8 F9 FF 93 C2 F3 FF 93 49
F5 FF 93 43 F7 FF B3 F7 FA 00 33 73 A3 00 B3 F8
E8 00 B3 F9 D9 01 B3 F3 C3 01 B3 C9 79 01 B3 C3
83 01 29 8E 3D 8F 33 F5 E2 01 93 C7 F5 FF 33 43
B3 00 B3 C8 D8 00 93 C6 F6 FF 33 43 F3 01 B3 C8
E8 01 13 DA 79 00 33 78 F8 01 39 8D 93 DF 17 00
93 92 F6 01 93 9A 93 01 33 45 C5 01 93 DB 93 00
13 9E 79 01 B3 E2 F2 01 B3 EA 4A 01 93 9F 68 01
13 5A A3 00 93 D5 67 00 B3 EB CB 01 13 9F A6 01
13 9E F8 00 B3 EF 4F 01 13 5A 13 01 33 6F BF 00
33 6E 4E 01 B3 CA 7A 01 13 9A 99 01 93 DB 73 00
B3 C2 E2 01 33 6A 7A 01 13 DF 99 00 93 9B 73 01
33 6F 7F 01 33 48 C8 00 33 48 D8 01 93 1B 63 01
33 4A EA 01 13 DF A8 00 33 46 36 01 33 47 77 00
13 1C 38 00 93 15 98 01 B3 CF CF 01 93 5E D5 01
13 5D 75 00 13 1E F3 00 33 EF EB 01 93 DB 18 01
33 6D BD 00 33 6E 7E 01 93 55 36 01 B3 EE 8E 01
13 1C D7 00 33 6C BC 00 33 4F CF 01 93 15 47 00
13 5E C6 01 93 5B D8 01 B3 CE AE 01 13 1D 35 00
B3 EB AB 01 B3 E5 C5 01 13 1D 95 01 13 5E 78 00
B3 45 BC 00 33 6E AE 01 13 DC 16 00 13 9D F7 01
33 6C 8D 01 B3 C2 F2 00 13 DD 66 00 EA 07 B3 CD
6F 00 B3 CA 3A 01 B3 E7 A7 01 93 19 46 00 13 1D
D6 00 93 5F 37 01 13 53 C7 01 B3 6F FD 01 33 E3
69 00 B3 48 1F 01 33 4A 7A 00 33 CE CB 01 B3 47
FC 00 33 C3 6F 00 B3 CE 0E 01 33 CF D7 00 B3 C9
48 01 B3 C3 5D 01 93 C2 92 06 33 C8 C5 00 93 CB
FD FF 33 46 AE 00 33 47 E3 00 93 C5 F8 FF B3 CF
D2 01 33 48 58 01 33 47 47 01 B3 F7 5B 01 13 C5
FE FF B3 4A CF 00 13 CC F3 FF 93 46 F6 FF B3 F5
45 01 13 CE F9 FF B3 C7 F7 01 B3 C5 55 01 33 75
55 00 13 C3 FF FF 93 C2 FA FF 33 7C 0C 01 B3 F6
E6 01 33 7E EE 00 33 45 05 01 B9 8E 93 4F F8 FF
13 4F F7 FF 33 F8 12 01 33 4C FC 00 33 4E BE 00
33 73 B3 01 33 4C BC 01 33 4E 1E 01 93 C5 F5 FF
93 C7 F7 FF B3 FF DF 01 33 7F CF 00 33 43 A3 00
33 48 D8 00 33 4F 3F 01 B3 CF 7F 00 33 43 D3 01
33 48 C8 00 13 DD 17 00 13 D6 67 00 13 57 AC 00
93 59 1C 01 93 9E F5 01 93 92 A5 01 93 18 6E 01
93 1A FE 00 B3 E2 C2 00 B3 EA 3A 01 13 D6 7F 00
B3 EE AE 01 B3 E8 E8 00 13 1D 9F 01 93 99 7F 01
13 57 9F 00 33 6D CD 00 B3 C8 58 01 13 16 6C 01
93 5A AE 00 33 45 F5 01 B3 C6 E6 01 93 1B 33 00
33 67 37 01 93 53 D8 01 93 19 93 01 13 5A 78 00
B3 CE 5E 00 33 66 56 01 93 12 FC 00 93 5A 1E 01
33 6A 3A 01 B3 E2 52 01 93 59 35 01 B3 E3 73 01
93 9B D6 00 93 9A 9F 01 33 4D ED 00 B3 EB 3B 01
13 97 46 00 93 59 C5 01 33 46 56 00 93 52 7F 00
33 67 37 01 B3 E2 5A 00 93 D9 9F 00 93 1A 7F 01
B3 E9 59 01 B3 C3 43 01 93 5A D3 01 13 1A 38 00
B3 EA 4A 01 B3 C2 32 01 13 1A 98 01 93 59 73 00
B3 C8 88 01 B3 E9 49 01 13 DC 15 00 13 9A F7 01
B3 CE FE 00 33 6A 8A 01 EA 07 13 DC 65 00 B3 C9
3A 01 B3 E7 87 01 93 DA 36 01 13 1C D5 00 33 C7
EB 00 33 6C 5C 01 93 1B 45 00 93 DA C6 01 B3 EA
5B 01 33 46 C6 01 B3 4F FD 01 B3 C2 E2 01 B3 47
FA 00 B3 4A 5C 01 B3 C3 63 00 33 CF F8 01 33 CD
B7 00 13 CA AE 05 B3 45 56 00 33 4C A7 00 93 47
F6 FF 33 C7 09 01 13 C3 F8 FF B3 C6 DA 00 33 4C
FC 01 B3 C6 56 00 33 4E 7A 00 33 48 ED 00 33 73
F3 01 93 4E FF FF B3 FF 57 00 93 C7 F5 FF 33 43
C3 01 B3 CF 0F 01 B3 FE 8E 01 F5 8F 93 4B FC FF
13 C5 F6 FF B3 CE 6E 00 B3 C7 F7 01 B1 8F B3 CE
1E 01 93 CA F3 FF 93 49 F7 FF B3 FB 7B 00 79 8D
2D 8D B3 CB EB 01 B3 FA 4A 01 B3 F9 A9 01 93 95
67 01 13 DD AE 00 B3 C9 D9 00 B3 CA 8A 01 13 DF
1E 01 93 96 F7 00 93 12 95 01 B3 E5 A5 01 13 DD
7B 00 33 CC 7A 01 33 CA A9 00 B3 E6 E6 01 B3 E2
A2 01 13 5F 95 00 13 9D 7B 01 33 6F AF 01 B5 8D
13 1D DA 00 93 56 3C 01 B3 C2 E2 01 33 6D DD 00
13 1F 4A 00 93 56 CC 01 33 6F DF 00 33 4D ED 01
93 96 6E 01 13 DF A7 00 B3 C5 D5 01 B3 E6 E6 01
BE 0E 13 DF 17 01 B3 EE EE 01 B3 C6 D6 01 13 9F
9B 01 93 5E 75 00 B3 C2 72 01 33 6F DF 01 93 DB
9B 00 93 1E 75 01 13 4E FE FF B3 EE DB 01 33 7E
1E 01 93 1B DC 00 93 58 3A 01 B3 EB 1B 01 33 4F
DF 01 93 58 CA 01 93 1E 4C 00 13 48 F8 FF B3 EE
1E 01 33 78 C8 00 B3 C8 55 00 33 4F AF 00 BD 8E
33 46 8D 01 33 C5 DB 01 B3 4E 5E 01 33 4E 38 01
33 4E EE 00 B3 CE 7E 00 13 43 F3 FF 93 CF FF FF
33 C8 E6 01 93 C7 F8 FF 33 46 56 00 33 45 45 01
33 45 E5 01 33 F7 C7 00 93 53 13 00 93 97 3E 00
93 9B 9E 01 13 9C FF 01 13 4A F8 FF 93 59 DE 01
93 5A 7E 00 33 6C 7C 00 B3 EA 7A 01 93 53 63 00
93 DB 1F 00 33 47 67 00 13 9D AF 01 33 7A AA 00
B3 E9 F9 00 93 17 F3 01 B3 C9 59 01 33 47 87 01
33 6D 7D 00 33 4A FA 01 93 D3 DE 01 B3 E7 77 01
93 DF 6F 00 93 DB 7E 00 13 1C 3E 00 93 1A 9E 01
6A 03 33 63 F3 01 33 47 A7 01 B3 E3 83 01 B3 EA
5B 01 B3 47 FA 00 B3 CE D9 01 2D 8F B3 C3 53 01
B3 C7 67 00 93 C5 F5 FF 33 C3 C3 01 B3 F5 55 00
33 47 D7 01 B5 8F 93 C6 F6 FF 2D 8F B3 F6 E6 01
93 45 F5 FF B3 C7 67 00 13 46 F6 FF B5 8F B3 F5
65 00 C2 4F 33 76 D6 01 93 4E B7 04 33 46 16 01
B3 C6 05 01 93 D5 A7 00 13 98 6E 01 13 5F 76 00
93 D8 17 01 13 9E 96 01 33 4B FB 00 29 83 33 68
B8 00 13 93 FE 00 13 95 67 01 93 15 96 01 93 D9
76 00 B3 C3 CF 00 33 63 13 01 B3 CF D4 00 93 D8
96 00 33 6E EE 01 B3 C2 DC 01 33 48 68 01 93 D4
1E 01 59 8D 13 1F 76 01 13 97 F7 00 B3 E5 35 01
93 57 96 00 DE 06 33 E6 E8 01 B3 4E 68 00 D5 8F
33 4E 7E 00 33 45 55 00 45 8F B3 C5 F5 01 33 4E
CE 00 BD 8D 39 8D 13 93 1E 00 4A 86 81 47 FD 48
13 08 00 04 33 87 F8 40 B3 56 F5 00 33 17 E3 00
13 8F 07 FE D9 8E 63 44 0F 00 B3 D6 EE 01 23 00
D6 00 A1 07 05 06 E3 9F 07 FD 21 09 81 47 93 98
15 00 7D 48 13 05 00 04 33 07 F8 40 B3 56 FE 00
33 97 E8 00 13 86 07 FE D9 8E 63 44 06 00 B3 D6
C5 00 23 00 D9 00 A1 07 05 09 E3 9F A7 FC F6 40
E6 44 56 49 C6 49 36 4A A6 4A 16 4B 86 4B 72 5C
E2 5C 52 5D C2 5D 01 45 25 61 82 80 05 46 33 16
A6 00 81 46 6F E0 3F 94 05 46 33 16 F6 01 01 47
6F E0 CF FE 22 46 3D 47 63 74 C7 00 6F B0 CF E0
1D 47 63 6F C7 00 B2 88 B2 82 6F C0 2F E5 62 46
3D 47 32 89 63 74 C7 00 6F D0 4F E5 6F E0 AF F0
A2 42 D2 48 01 47 01 46 81 4E FD 49 13 09 00 04
21 A8 81 4F 33 15 A3 00 21 07 33 66 F6 01 B3 EE
AE 00 85 08 63 08 27 03 13 05 07 FE 03 C3 08 00
B3 8F E9 40 E3 5F 05 FC 13 55 13 00 33 55 F5 01
B3 1F E3 00 21 07 33 66 F6 01 B3 EE AE 00 85 08
E3 1C 27 FD 21 45 3D 8E 33 C7 DE 00 63 8C A2 08
D2 47 81 46 81 4E 3E 95 B3 89 57 00 01 43 7D 49
21 A8 81 4F B3 97 F8 00 05 05 B3 EE FE 01 33 63
F3 00 A1 06 63 88 A9 02 93 87 06 FE 83 48 05 00
B3 0F D9 40 E3 DF 07 FC 93 D7 18 00 B3 D7 F7 01
05 05 B3 9F D8 00 B3 EE FE 01 33 63 F3 00 A1 06
E3 9C A9 FC 93 87 82 FF 8E 07 93 86 07 FE 63 C6
06 02 85 47 B3 97 D7 00 81 46 B3 C6 56 01 B3 C7
47 01 B3 CA D6 01 33 CA 67 00 6F C0 4F DD 05 46
33 16 56 00 01 47 6F C0 4F DC 85 46 B3 96 F6 00
81 47 E1 BF 81 4E 01 43 75 BF 00 00 5D 71 2A DE
3A D6 3E D4 86 C6 B7 07 06 20 96 C4 9A C2 9E C0
2E DC 32 DA 36 D8 42 D2 46 D0 72 CE 76 CC 7A CA
7E C8 41 47 D8 C3 37 05 01 30 5C 59 93 F7 F7 03
9D CB BD 67 93 87 C7 C7 B8 4F 89 47 63 0A F7 04
B6 40 A6 42 16 43 86 43 72 55 E2 55 52 56 C2 56
32 57 A2 57 12 58 82 58 72 4E E2 4E 52 4F C2 4F
61 61 73 00 20 30 1C 41 6C 00 93 E7 27 00 1C C1
EF 90 7F A2 BD 67 93 87 C7 C7 B8 4F 89 47 E3 11
F7 FC B2 45 3D 65 13 05 45 CC EF 90 AF F9 4D BF
3D 65 13 05 45 CC EF 90 BF 90 5D B7 00 00 37 05
01 30 5C 59 93 F7 F7 03 89 CB BD 67 93 87 C7 C7
B8 4F 89 47 63 06 F7 02 82 80 1C 41 01 11 06 CE
93 E7 27 00 1C C1 6C 00 EF 90 FF 9C BD 67 93 87
C7 C7 B8 4F 89 47 63 0A F7 00 F2 40 05 61 82 80
3D 65 13 05 45 CC 6F 90 BF 8B B2 45 F2 40 3D 65
13 05 45 CC 05 61 6F 90 EF F2 BD 67 93 87 C7 C7
B8 4F 89 47 63 03 F7 00 82 80 3D 65 13 05 45 CC
6F 90 1F 89 BD 67 93 87 C7 C7 B8 4F 89 47 63 03
F7 00 82 80 BD 67 AA 85 13 85 47 CC 6F 90 8F EF
5D 71 2A DE 3A D6 3E D4 86 C6 B7 07 06 20 96 C4
9A C2 9E C0 2E DC 32 DA 36 D8 42 D2 46 D0 72 CE
76 CC 7A CA 7E C8 13 07 00 02 D8 C3 37 05 02 20
5C 59 93 F7 F7 03 9D CB 3D 65 93 07 C5 C7 98 4B
89 47 63 09 F7 04 B6 40 A6 42 16 43 86 43 72 55
E2 55 52 56 C2 56 32 57 A2 57 12 58 82 58 72 4E
E2 4E 52 4F C2 4F 61 61 73 00 20 30 1C 41 6C 00
93 E7 27 00 1C C1 EF 90 1F 8F 3D 65 93 07 C5 C7
98 4B 89 47 E3 11 F7 FC B2 45 13 05 C5 C7 EF 90
6F E6 55 BF 13 05 C5 C7 EF 90 8F FD 6D B7 37 05
02 20 5C 59 93 F7 F7 03 89 CB 3D 65 93 07 C5 C7
98 4B 89 47 63 06 F7 02 82 80 1C 41 01 11 06 CE
93 E7 27 00 1C C1 6C 00 EF 90 FF 89 3D 65 93 07
C5 C7 98 4B 89 47 63 09 F7 00 F2 40 05 61 82 80
13 05 C5 C7 6F 90 CF F8 B2 45 F2 40 13 05 C5 C7
05 61 6F 90 2F E0 3D 65 93 07 C5 C7 98 4B 89 47
63 03 F7 00 82 80 13 05 C5 C7 6F 90 6F F6 BD 67
13 87 C7 C7 14 4B 09 47 63 83 E6 00 82 80 AA 85
13 85 C7 C7 6F 90 0F DD 01 11 06 CE 4E C8 83 49
05 00 FD 47 63 E3 37 0B 26 CC 4A CA 52 C6 56 C4
5A C2 5E C0 9D 47 2A 89 B7 04 02 30 63 E4 37 01
B7 04 09 20 DC 40 81 45 4E 85 F9 9B DC C0 03 2B
49 00 EF 90 3F 8A 83 A7 04 08 85 4A 33 9A 3A 01
13 47 FA FF F9 8F 23 A0 F4 08 83 A7 04 28 4E 85
F9 8F 23 A0 F4 28 83 A7 04 20 F9 8F 23 A0 F4 20
EF 90 DF 82 83 A7 04 58 23 A8 91 9C 0D 45 B3 E7
47 01 23 A0 F4 58 63 60 65 03 DA 85 4E 85 EF 90
7F 85 83 47 89 00 63 87 57 05 03 47 99 00 85 47
63 02 F7 02 01 45 F2 40 E2 44 52 49 32 4A A2 4A
12 4B 82 4B C2 49 05 61 82 80 F2 40 C2 49 09 45
05 61 82 80 03 29 C9 00 4E 85 EF 90 2F FD 99 47
63 E1 27 11 BD 67 93 87 87 8B 0A 09 3E 99 83 27
09 00 82 87 83 A7 04 08 23 A8 91 9C B3 67 FA 00
23 A0 F4 08 5D B7 9D 47 63 FB 37 0B 37 07 02 30
83 27 07 38 B3 E7 47 01 23 20 F7 38 83 A7 04 50
23 A8 91 9C 01 45 B3 67 FA 00 23 A0 F4 50 61 B7
9D 47 63 EF 37 09 37 07 09 20 83 27 07 38 B3 67
FA 00 23 20 F7 38 83 A7 04 40 23 A8 91 9C 01 45
B3 67 FA 00 23 A0 F4 40 B9 BF 83 A7 04 38 23 A8
91 9C 01 45 B3 67 FA 00 23 A0 F4 38 A9 B7 83 A7
04 48 23 A8 91 9C 01 45 B3 67 FA 00 23 A0 F4 48
1D BF 9D 47 63 F4 37 03 37 07 02 30 83 27 07 40
B3 67 FA 00 23 20 F7 40 83 A7 04 48 23 A8 91 9C
01 45 33 6A FA 00 23 A0 44 49 31 B7 37 07 09 20
83 27 07 40 B3 67 FA 00 23 20 F7 40 F1 BF 37 07
09 20 83 27 07 38 B3 67 FA 00 23 20 F7 38 B9 B7
37 07 02 30 83 27 07 38 B3 67 FA 00 23 20 F7 38
9D B7 11 45 C9 BD FD 47 63 E4 A7 02 9D 47 37 07
02 30 63 E4 A7 00 37 07 09 20 83 27 07 10 23 A8
E1 9C B3 D7 A7 00 85 8B 23 80 F5 00 01 45 82 80
09 45 82 80 5D 71 26 DE B7 04 00 30 4A CC 03 A9
C4 20 2A DC 3E D2 86 C6 96 C4 9A C2 9E C0 2E DA
32 D8 36 D6 3A D4 42 D0 46 CE 72 CA 76 C8 7A C6
7E C4 4A 85 81 47 82 97 23 A6 24 21 B6 40 A6 42
16 43 86 43 F2 54 62 55 D2 55 42 56 B2 56 22 57
92 57 02 58 F2 48 62 49 52 4E C2 4E 32 4F A2 4F
61 61 73 00 20 30 00 00 39 71 3A CE 3E CC 06 DE
16 DC 1A DA 1E D8 2A D6 2E D4 32 D2 36 D0 42 CA
46 C8 72 C6 76 C4 7A C2 7E C0 B7 07 06 20 05 47
D8 C3 EF 90 EF 9B F2 50 E2 52 52 53 C2 53 32 55
A2 55 12 56 82 56 72 47 E2 47 52 48 C2 48 32 4E
A2 4E 12 4F 82 4F 21 61 73 00 20 30 00 00 00 00
39 71 3A CE 3E CC 06 DE 16 DC 1A DA 1E D8 2A D6
2E D4 32 D2 36 D0 42 CA 46 C8 72 C6 76 C4 7A C2
7E C0 B7 07 06 20 09 47 D8 C3 EF 90 6F 96 F2 50
E2 52 52 53 C2 53 32 55 A2 55 12 56 82 56 72 47
E2 47 52 48 C2 48 32 4E A2 4E 12 4F 82 4F 21 61
73 00 20 30 00 00 00 00 39 71 3A CE 3E CC 06 DE
16 DC 1A DA 1E D8 2A D6 2E D4 32 D2 36 D0 42 CA
46 C8 72 C6 76 C4 7A C2 7E C0 B7 07 06 20 11 47
D8 C3 EF 90 EF 90 F2 50 E2 52 52 53 C2 53 32 55
A2 55 12 56 82 56 72 47 E2 47 52 48 C2 48 32 4E
A2 4E 12 4F 82 4F 21 61 73 00 20 30 00 00 00 00
39 71 3A CE 3E CC 06 DE 16 DC 1A DA 1E D8 2A D6
2E D4 32 D2 36 D0 42 CA 46 C8 72 C6 76 C4 7A C2
7E C0 B7 07 06 20 13 07 00 04 D8 C3 EF 90 4F 8B
F2 50 E2 52 52 53 C2 53 32 55 A2 55 12 56 82 56
72 47 E2 47 52 48 C2 48 32 4E A2 4E 12 4F 82 4F
21 61 73 00 20 30 00 00 39 71 3A CE 3E CC 06 DE
16 DC 1A DA 1E D8 2A D6 2E D4 32 D2 36 D0 42 CA
46 C8 72 C6 76 C4 7A C2 7E C0 B7 07 06 20 13 07
00 08 D8 C3 EF 90 CF 85 F2 50 E2 52 52 53 C2 53
32 55 A2 55 12 56 82 56 72 47 E2 47 52 48 C2 48
32 4E A2 4E 12 4F 82 4F 21 61 73 00 20 30 00 00
39 71 3A CE 3E CC 06 DE 16 DC 1A DA 1E D8 2A D6
2E D4 32 D2 36 D0 42 CA 46 C8 72 C6 76 C4 7A C2
7E C0 B7 07 06 20 13 07 00 10 D8 C3 EF 90 4F 80
F2 50 E2 52 52 53 C2 53 32 55 A2 55 12 56 82 56
72 47 E2 47 52 48 C2 48 32 4E A2 4E 12 4F 82 4F
21 61 73 00 20 30 00 00 39 71 3A CE 3E CC 06 DE
16 DC 1A DA 1E D8 2A D6 2E D4 32 D2 36 D0 42 CA
46 C8 72 C6 76 C4 7A C2 7E C0 B7 07 06 20 13 07
00 20 D8 C3 EF 80 DF FA F2 50 E2 52 52 53 C2 53
32 55 A2 55 12 56 82 56 72 47 E2 47 52 48 C2 48
32 4E A2 4E 12 4F 82 4F 21 61 73 00 20 30 00 00
39 71 3A CE 3E CC 06 DE 16 DC 1A DA 1E D8 2A D6
2E D4 32 D2 36 D0 42 CA 46 C8 72 C6 76 C4 7A C2
7E C0 B7 07 06 20 13 07 00 40 D8 C3 EF 80 5F F5
F2 50 E2 52 52 53 C2 53 32 55 A2 55 12 56 82 56
72 47 E2 47 52 48 C2 48 32 4E A2 4E 12 4F 82 4F
21 61 73 00 20 30 00 00 39 71 3E CC 85 67 3A CE
06 DE 16 DC 1A DA 1E D8 2A D6 2E D4 32 D2 36 D0
42 CA 46 C8 72 C6 76 C4 7A C2 7E C0 93 87 07 80
37 07 06 20 5C C3 EF 80 BF EF F2 50 E2 52 52 53
C2 53 32 55 A2 55 12 56 82 56 72 47 E2 47 52 48
C2 48 32 4E A2 4E 12 4F 82 4F 21 61 73 00 20 30
00 00 00 00 39 71 3A CE 3E CC 06 DE 16 DC 1A DA
1E D8 2A D6 2E D4 32 D2 36 D0 42 CA 46 C8 72 C6
76 C4 7A C2 7E C0 B7 07 06 20 05 67 D8 C3 EF 80
3F EA F2 50 E2 52 52 53 C2 53 32 55 A2 55 12 56
82 56 72 47 E2 47 52 48 C2 48 32 4E A2 4E 12 4F
82 4F 21 61 73 00 20 30 00 00 00 00 39 71 3A CE
3E CC 06 DE 16 DC 1A DA 1E D8 2A D6 2E D4 32 D2
36 D0 42 CA 46 C8 72 C6 76 C4 7A C2 7E C0 B7 07
06 20 09 67 D8 C3 EF 80 BF E4 F2 50 E2 52 52 53
C2 53 32 55 A2 55 12 56 82 56 72 47 E2 47 52 48
C2 48 32 4E A2 4E 12 4F 82 4F 21 61 73 00 20 30
00 00 00 00 39 71 3A CE 3E CC 06 DE 16 DC 1A DA
1E D8 2A D6 2E D4 32 D2 36 D0 42 CA 46 C8 72 C6
76 C4 7A C2 7E C0 B7 07 06 20 21 47 D8 C3 EF 80
9F D0 F2 50 E2 52 52 53 C2 53 32 55 A2 55 12 56
82 56 72 47 E2 47 52 48 C2 48 32 4E A2 4E 12 4F
82 4F 21 61 73 00 20 30 00 00 00 00 19 71 86 DE
96 DC 9A DA 9E D8 AA D6 AE D4 B2 D2 B6 D0 BA CE
BE CC C2 CA C6 C8 F2 C6 F6 C4 FA C2 FE C0 F3 27
20 34 2D 47 FD 8B 63 69 F7 00 3D 67 8A 07 13 07
47 8D BA 97 9C 43 82 87 01 A0 EF 90 8F AC EF 90
8F A8 BD 67 93 87 87 A3 48 00 93 86 C7 03 2A 87
03 A3 07 00 83 A8 47 00 03 A8 87 00 CC 47 90 4B
23 20 67 00 23 22 17 01 23 24 07 01 4C C7 10 CB
D1 07 51 07 E3 9E D7 FC EF 90 EF A2 BD 67 93 87
47 A7 48 00 93 86 07 03 2A 87 83 A8 07 00 03 A8
47 00 8C 47 D0 47 23 20 17 01 23 22 07 01 0C C7
50 C7 C1 07 41 07 E3 92 D7 FE 90 43 D4 43 83 C7
87 00 10 C3 54 C3 23 04 F7 00 7D BF 3D 65 13 05
85 A1 59 21 01 A0 00 00 39 71 2A D6 3D 65 13 05
05 AB 06 DE 16 DC 1A DA 1E D8 2E D4 32 D2 36 D0
3A CE 3E CC 42 CA 46 C8 72 C6 76 C4 7A C2 7E C0
A1 29 01 A0 00 00 00 00 39 71 2A D6 3D 65 13 05
85 AC 06 DE 16 DC 1A DA 1E D8 2E D4 32 D2 36 D0
3A CE 3E CC 42 CA 46 C8 72 C6 76 C4 7A C2 7E C0
25 21 01 A0 00 00 01 45 82 80 7D 55 82 80 B7 07
00 20 C8 C3 05 47 23 80 E7 00 73 00 50 10 89 67
DC C1 01 45 82 80 7D 15 13 35 15 00 82 80 01 45
82 80 01 45 82 80 85 47 63 9E F5 08 41 11 B7 07
00 20 26 C4 B2 84 D0 4F 06 C6 19 CE 4A C2 37 05
00 80 36 89 93 05 E0 03 81 46 EF 40 B0 13 93 57
05 01 FD 9B 99 CB 12 49 B2 40 13 07 80 05 23 A0
E1 9E A2 44 7D 55 41 01 82 80 F5 F5 37 07 0A 20
23 26 07 00 8D 47 5C CF 23 22 07 02 23 26 07 02
23 22 07 00 93 17 05 01 FD 56 14 C3 93 E7 37 00
5C C7 23 22 07 00 63 01 09 02 B3 85 24 01 03 C6
04 00 1C 4B 85 8B F5 FF 10 CF 1C 4B 8D 83 85 8B
ED DF 85 04 E3 95 B4 FE B2 40 A2 44 4A 85 12 49
41 01 82 80 13 07 80 05 23 A0 E1 9E 7D 55 82 80
45 67 93 86 81 BB 13 07 47 83 AA 87 03 A5 01 9C
63 8C E6 00 AA 97 63 F7 E7 00 63 E5 D7 00 23 A0
F1 9C 82 80 7D 55 82 80 01 45 82 80 BD 67 93 87
C7 C7 03 A7 07 0A 89 47 63 03 F7 00 82 80 AA 85
13 85 01 89 6F 80 1F D0 BD 67 93 87 C7 C7 03 A7
07 0A 89 47 63 03 F7 00 82 80 13 85 01 89 6F 80
3F E6 6F 00 70 71 6F 00 D0 71 6F 00 F0 70 6F 00
50 71 B7 02 04 20 23 AA 02 00 23 A0 02 00 23 A2
02 00 83 A1 82 00 97 52 00 00 93 82 62 67 83 A0
02 00 03 A1 42 00 83 A1 82 00 03 A2 C2 00 83 A2
02 01 03 A3 42 01 83 A3 82 01 03 A4 C2 01 83 A4
02 02 03 A5 42 02 83 A5 82 02 03 A6 C2 02 83 A6
02 03 03 A7 42 03 83 A7 82 03 03 A8 C2 03 83 A8
02 04 03 A9 42 04 83 A9 82 04 03 AA C2 04 83 AA
02 05 03 AB 82 05 83 AB C2 05 03 AC 02 06 83 AC
42 06 03 AD 82 06 83 AD C2 06 03 AE 02 07 83 AE
42 07 03 AF 82 07 83 AF C2 07 03 A3 02 08 73 10
03 30 03 A3 42 08 73 10 43 30 03 A3 82 08 73 10
53 30 03 A3 C2 08 73 10 03 34 03 A3 02 09 73 10
13 34 03 A3 42 09 73 10 23 34 03 A3 82 09 73 10
33 34 03 A3 C2 09 73 10 03 B0 03 A3 02 0A 73 10
23 B0 82 80 B7 02 04 20 05 43 23 AA 62 00 23 A0
62 00 23 A4 32 00 97 52 00 00 93 82 62 59 23 A0
12 00 23 A2 22 00 23 A4 32 00 23 A6 42 00 23 A8
52 00 23 AA 62 00 23 AC 72 00 23 AE 82 00 23 A0
92 02 23 A2 A2 02 23 A4 B2 02 23 A6 C2 02 23 A8
D2 02 23 AA E2 02 23 AC F2 02 23 AE 02 03 23 A0
12 05 23 A2 22 05 23 A4 32 05 23 A6 42 05 23 A8
52 05 23 AC 62 05 23 AE 72 05 23 A0 82 07 23 A2
92 07 23 A4 A2 07 23 A6 B2 07 23 A8 C2 07 23 AA
D2 07 23 AC E2 07 23 AE F2 07 73 23 00 30 23 A0
62 08 73 23 40 30 23 A2 62 08 73 23 50 30 23 A4
62 08 73 23 00 34 23 A6 62 08 73 23 10 34 23 A8
62 08 73 23 20 34 23 AA 62 08 73 23 30 34 23 AC
62 08 73 23 00 B0 23 AE 62 08 73 23 20 B0 23 A0
62 0A B7 02 04 20 17 03 00 00 13 03 C3 E3 23 A2
62 00 73 00 50 10 82 80 41 11 22 C4 26 C2 17 74
00 00 13 04 A4 12 97 74 00 00 93 84 24 12 81 8C
4A C0 06 C6 89 84 01 49 63 15 99 02 17 74 00 00
13 04 C4 10 97 74 00 00 93 84 44 10 81 8C 89 84
01 49 63 1D 99 00 B2 40 22 44 92 44 02 49 41 01
82 80 1C 40 05 09 11 04 82 97 F9 B7 1C 40 05 09
11 04 82 97 F9 BF 1C 51 01 11 22 CC 26 CA 4A C8
06 CE 4E C6 52 C4 00 45 AA 84 2E 89 91 E3 15 2C
83 57 C4 00 A1 8B 99 C3 1C 48 A5 E7 A2 85 26 85
C5 26 25 C1 7D 55 F2 40 62 44 D2 44 42 49 B2 49
22 4A 05 61 82 80 1C C4 05 09 63 D7 07 00 18 4C
63 CB E7 02 63 89 45 03 1C 40 13 87 17 00 18 C0
23 80 B7 00 1C 44 83 45 09 00 FD 17 E9 FD 1C C4
63 D4 07 02 22 86 A9 45 26 85 A9 2D FD 57 E3 0B
F5 FA 29 45 4D BF 22 86 26 85 A9 25 E3 1C 35 FD
55 B7 FD 59 29 4A F9 B7 1C 40 13 87 17 00 18 C0
29 47 23 80 E7 00 F1 BF AA 85 03 A5 41 9C A1 BF
01 45 82 80 41 11 22 C4 06 C6 2A 84 23 16 B5 00
23 17 C5 00 23 20 05 00 23 22 05 00 23 24 05 00
23 22 05 06 23 28 05 00 23 2A 05 00 23 2C 05 00
21 46 81 45 13 05 C5 05 EF 00 A0 7B 97 17 00 00
93 87 87 93 5C D0 97 17 00 00 93 87 27 96 1C D4
97 17 00 00 93 87 87 9A 5C D4 97 17 00 00 93 87
47 9D B2 40 00 D0 1C D8 22 44 41 01 82 80 13 86
81 8D 97 05 00 00 93 85 C5 29 13 85 41 8E 99 A5
4C 41 41 11 22 C4 06 C6 93 87 41 9F 2A 84 63 83
F5 00 B5 2C 0C 44 93 87 C1 A5 63 84 F5 00 22 85
BD 24 4C 44 93 87 41 AC 63 87 F5 00 22 85 22 44
B2 40 41 01 A9 AC B2 40 22 44 41 01 82 80 41 11
97 07 00 00 93 87 E7 FA 01 46 91 45 13 85 41 9F
06 C6 23 AA F1 9C 3D 37 05 46 A5 45 13 85 C1 A5
15 37 B2 40 09 46 C9 45 13 85 41 AC 41 01 19 BF
01 45 82 80 83 A7 41 9D 41 11 4A C0 06 C6 22 C4
26 C2 2A 89 91 E3 65 3F 93 84 81 8D 80 44 DC 40
FD 17 63 D0 07 02 80 40 59 E0 93 05 C0 1A 4A 85
B9 26 2A 84 35 E1 23 A0 04 00 B1 47 23 20 F9 00
91 A0 03 17 C4 00 31 E7 C1 77 85 07 23 22 04 06
23 20 04 00 23 22 04 00 23 24 04 00 5C C4 23 28
04 00 23 2A 04 00 23 2C 04 00 21 46 81 45 13 05
C4 05 41 2D 23 2A 04 02 23 2C 04 02 23 24 04 04
23 26 04 04 B2 40 22 85 22 44 92 44 02 49 41 01
82 80 13 04 84 06 69 B7 91 47 23 20 05 00 5C C1
31 05 08 C4 13 06 00 1A 81 45 A1 2D 80 C0 A2 84
B5 B7 1C 51 91 EB 97 07 00 00 93 87 A7 ED 1C D1
83 A7 41 9D 91 E3 21 B7 82 80 82 80 82 80 13 86
81 8D 97 05 00 00 93 85 E5 E3 01 45 E5 A9 13 86
81 8D 97 05 00 00 93 85 E5 F1 01 45 E5 A1 83 97
C5 00 01 11 22 CC 26 CA 06 CE 4A C8 4E C6 13 F7
87 00 AA 84 2E 84 69 E3 D8 41 63 45 E0 00 B8 41
63 5A E0 0A 58 54 5D C7 03 A9 04 00 93 96 37 01
23 A0 04 00 63 DD 06 06 70 48 83 57 C4 00 91 8B
99 C7 5C 40 1D 8E 5C 58 99 C3 3C 40 1D 8E 5C 54
0C 50 81 46 26 85 82 97 7D 57 83 17 C4 00 63 1D
E5 00 94 40 75 47 63 64 D7 0A 37 07 40 20 05 07
33 57 D7 00 05 8B 41 CF 18 48 23 22 04 00 18 C0
13 97 37 01 63 58 07 00 FD 57 63 14 F5 00 9C 40
91 E3 68 C8 4C 58 23 A0 24 01 8D CD 93 07 44 04
63 84 F5 00 26 85 01 26 23 2A 04 02 25 A0 0C 50
01 46 85 46 26 85 02 97 FD 57 2A 86 E3 1F F5 F6
9C 40 A5 DF 75 47 63 85 E7 00 59 47 63 9F E7 02
23 A0 24 01 01 45 89 A0 83 A9 05 01 E3 8C 09 FE
03 A9 05 00 8D 8B 23 A0 35 01 33 09 39 41 01 47
91 E3 D8 49 18 C4 E3 5F 20 FD 1C 54 0C 50 CA 86
4E 86 26 85 82 97 63 40 A0 02 83 17 C4 00 93 E7
07 04 23 16 F4 00 7D 55 F2 40 62 44 D2 44 42 49
B2 49 05 61 82 80 AA 99 33 09 A9 40 E9 B7 9C 49
85 CB 01 11 22 CC 06 CE 2A 84 11 C5 1C 51 81 E7
2E C6 41 35 B2 45 83 97 C5 00 91 C7 22 85 62 44
F2 40 05 61 6D B5 F2 40 62 44 01 45 05 61 82 80
01 45 82 80 AA 85 11 E9 13 86 81 8D 97 05 00 00
93 85 25 FC 13 85 41 8E B5 A6 03 A5 41 9C 45 BF
41 11 26 C2 AA 84 03 A5 41 9C 22 C4 06 C6 2E 84
01 C5 1C 51 91 E3 35 35 83 17 C4 00 13 F7 87 00
29 E7 13 F7 07 01 09 EB 25 47 98 C0 93 E7 07 04
23 16 F4 00 7D 55 B5 A0 13 F7 47 00 1D C3 4C 58
89 C9 93 07 44 04 63 84 F5 00 26 85 E9 2A 23 2A
04 02 83 17 C4 00 18 48 23 22 04 00 93 F7 B7 FD
18 C0 93 E7 87 00 23 16 F4 00 18 48 11 EB 93 F7
07 28 13 07 00 20 63 85 E7 00 A2 85 26 85 49 21
83 17 C4 00 13 F7 17 00 15 C3 58 48 23 24 04 00
33 07 E0 40 18 CC 18 48 01 45 01 E7 13 F7 07 08
51 F7 B2 40 22 44 92 44 41 01 82 80 13 F7 27 00
81 46 11 E3 54 48 14 C4 F9 BF 41 11 4A C0 13 89
81 9D 83 27 09 00 22 C4 26 C2 06 C6 AA 84 2E 84
89 E7 81 45 FD 21 23 20 A9 00 A2 85 26 85 D5 21
7D 59 63 1A 25 01 7D 54 B2 40 22 85 22 44 92 44
02 49 41 01 82 80 13 04 35 00 71 98 E3 06 85 FE
B3 05 A4 40 26 85 75 29 E3 10 25 FF E9 BF 01 11
26 CA 93 84 35 00 F1 98 4A C8 06 CE 22 CC 4E C6
52 C4 A1 04 B1 47 2A 89 63 F3 F4 06 BE 84 63 E2
B4 06 4A 85 BD 26 93 89 C1 9D 83 A7 09 00 3E 84
25 E4 A6 85 4A 85 95 3F FD 57 2A 84 63 1B F5 0C
03 A4 09 00 A2 87 D5 E7 5D CC 03 2A 04 00 81 45
4A 85 22 9A B9 29 63 18 AA 0A 1C 40 4A 85 9D 8C
A6 85 A1 37 FD 57 63 00 F5 0A 1C 40 A6 97 1C C0
83 A7 09 00 D8 43 49 E3 23 AE 01 9C 3D A8 E3 D0
04 FA 23 20 F9 00 01 45 F2 40 62 44 D2 44 42 49
B2 49 22 4A 05 61 82 80 14 40 85 8E 63 C8 06 04
2D 47 63 7D D7 02 04 C0 33 07 94 00 63 96 87 02
23 A0 E9 00 5C 40 14 C3 5C C3 4A 85 E1 2C 13 05
B4 00 93 07 44 00 61 99 33 07 F5 40 E3 0E F5 FA
3A 94 89 8F 1C C0 4D BF D8 C3 E9 BF 58 40 63 95
87 00 23 A0 E9 00 D1 BF D8 C3 C1 BF A2 87 40 40
81 B7 3E 84 DC 43 81 BF 3E 87 DC 43 E3 9E 87 FE
23 22 07 00 5D BF B1 47 23 20 F9 00 4A 85 59 24
9D BF 04 C1 5D B7 D1 CD 83 A7 C5 FF 01 11 22 CC
06 CE 13 84 C5 FF 63 D3 07 00 3E 94 2A C6 95 24
13 87 C1 9D 1C 43 32 45 81 EB 23 22 04 00 00 C3
62 44 F2 40 05 61 B9 A4 63 7D F4 00 10 40 B3 06
C4 00 63 96 D7 00 94 43 DC 43 B2 96 14 C0 5C C0
F9 BF 3E 87 DC 43 99 C3 E3 7D F4 FE 14 43 33 06
D7 00 63 1F 86 00 10 40 B2 96 14 C3 33 06 D7 00
E3 90 C7 FC 90 43 DC 43 B2 96 14 C3 5C C3 4D BF
63 75 C4 00 B1 47 1C C1 65 B7 10 40 B3 06 C4 00
63 96 D7 00 94 43 DC 43 B2 96 14 C0 5C C0 40 C3
41 BF 82 80 01 11 22 CC 26 CA 4A C8 06 CE 4E C6
2A 89 AE 84 32 84 01 C5 1C 51 91 E3 9D 36 1C 4C
1C C4 83 57 C4 00 A1 8B 99 C3 1C 48 91 EF A2 85
4A 85 39 33 11 C9 FD 54 F2 40 62 44 42 49 B2 49
26 85 D2 44 05 61 82 80 1C 40 18 48 93 F9 F4 0F
93 F4 F4 0F 33 85 E7 40 5C 48 63 46 F5 00 A2 85
4A 85 71 31 69 F9 1C 44 FD 17 1C C4 1C 40 13 87
17 00 18 C0 23 80 37 01 58 48 93 07 15 00 63 09
F7 00 83 57 C4 00 85 8B C5 DB A9 47 E3 96 F4 FA
A2 85 4A 85 A9 39 4D D1 79 BF 2E 86 AA 85 03 A5
41 9C 8D B7 79 71 22 D4 4A D0 4E CE 52 CC 5A C8
5E C6 06 D6 26 D2 56 CA AA 89 2E 8A 32 84 01 49
05 4B FD 5B 04 44 83 2A 44 00 FD 1A 63 D0 0A 02
00 40 6D F8 B2 50 22 54 92 54 F2 49 62 4A D2 4A
42 4B B2 4B 4A 85 02 59 45 61 82 80 83 D7 C4 00
63 7B FB 00 83 97 E4 00 63 87 77 01 A6 85 4E 85
02 9A 33 69 A9 00 93 84 84 06 C1 B7 83 A7 41 9C
63 80 A7 0C 5C 4D 01 11 22 CC 06 CE 26 CA 4A C8
4E C6 2A 84 A9 C7 DC 47 85 C3 81 44 13 09 00 08
5C 4C DC 47 A6 97 8C 43 8D E5 91 04 E3 9A 24 FF
5C 4C 22 85 CC 47 05 35 5C 4C 8C 43 99 C1 22 85
19 3D 5C 4C 84 47 81 CC A6 85 22 85 84 40 21 35
DD BF 83 A9 05 00 22 85 FD 3B CE 85 F1 B7 4C 48
99 C1 22 85 CD 3B 4C 4C 99 C1 22 85 ED 33 0C 58
99 C1 22 85 CD 33 4C 58 99 C1 22 85 E9 3B 0C 5C
99 C1 22 85 C9 3B 2C 44 99 C1 22 85 E9 33 6C 40
99 C1 22 85 C9 33 4C 54 99 C1 22 85 6D 3B 1C 50
89 CB 22 85 62 44 F2 40 D2 44 42 49 B2 49 05 61
82 87 F2 40 62 44 D2 44 42 49 B2 49 05 61 82 80
82 80 2A 83 11 C6 23 00 B3 00 7D 16 05 03 65 FE
82 80 82 80 82 80 59 71 A2 D4 2E 84 83 95 E5 00
A6 D2 CA D0 86 D6 B2 84 36 89 63 D3 05 02 83 57
C4 00 93 F7 07 08 8D EB 13 07 00 40 B6 50 26 54
23 20 F9 00 98 C0 06 59 96 54 01 45 65 61 82 80
30 00 21 22 E3 4D 05 FC B2 47 3D 67 F9 8F 79 77
BA 97 93 B7 17 00 C9 BF 81 47 13 07 00 04 F9 B7
83 D7 C5 00 01 11 22 CC 06 CE 26 CA 4A C8 89 8B
2E 84 89 CF 93 07 74 04 1C C0 1C C8 85 47 5C C8
F2 40 62 44 D2 44 42 49 05 61 82 80 74 00 30 00
AA 84 95 3F 22 49 26 85 CA 85 D1 3E 83 17 C4 00
11 E9 13 F7 07 20 69 FF F1 9B 93 E7 27 00 23 16
F4 00 C9 B7 93 E7 07 08 23 16 F4 00 B2 47 08 C0
08 C8 23 2A 24 01 CD DF 83 15 E4 00 26 85 A9 2C
45 D9 83 57 C4 00 F1 9B 93 E7 17 00 23 16 F4 00
45 B7 AA 85 81 46 01 46 01 45 E9 A2 41 11 22 C4
26 C2 17 64 00 00 13 04 64 73 97 64 00 00 93 84
E4 72 05 8C 06 C6 09 84 11 E4 B2 40 22 44 92 44
41 01 82 80 7D 14 93 17 24 00 A6 97 9C 43 82 97
E5 B7 41 11 22 C4 2A 84 2E 85 23 A0 01 9E 06 C6
EF F0 0F B8 FD 57 63 16 F5 00 83 A7 01 9E 91 C3
1C C0 B2 40 22 44 41 01 82 80 41 11 22 C4 2A 84
2E 85 B2 85 23 A0 01 9E 06 C6 EF F0 4F A9 FD 57
63 16 F5 00 83 A7 01 9E 91 C3 1C C0 B2 40 22 44
41 01 82 80 41 11 22 C4 2E 84 83 95 E5 00 06 C6
55 28 63 49 05 00 7C 48 AA 97 7C C8 B2 40 22 44
41 01 82 80 83 57 C4 00 7D 77 7D 17 F9 8F 23 16
F4 00 ED B7 01 45 82 80 83 D7 C5 00 01 11 22 CC
26 CA 4A C8 4E C6 06 CE 93 F7 07 10 AA 84 2E 84
32 89 B6 89 91 C7 83 95 E5 00 89 46 01 46 6D 28
83 57 C4 00 7D 77 7D 17 F9 8F 83 15 E4 00 23 16
F4 00 62 44 F2 40 CE 86 4A 86 B2 49 42 49 26 85
D2 44 05 61 6F F0 2F A1 41 11 22 C4 2E 84 83 95
E5 00 06 C6 51 20 7D 57 83 17 C4 00 63 1B E5 00
7D 77 7D 17 F9 8F 23 16 F4 00 B2 40 22 44 41 01
82 80 05 67 D9 8F 23 16 F4 00 68 C8 FD B7 83 95
E5 00 3D A0 41 11 22 C4 2A 84 2E 85 B2 85 36 86
23 A0 01 9E 06 C6 EF F0 CF 9B FD 57 63 16 F5 00
83 A7 01 9E 91 C3 1C C0 B2 40 22 44 41 01 82 80
41 11 22 C4 2A 84 2E 85 23 A0 01 9E 06 C6 EF F0
CF 96 FD 57 63 16 F5 00 83 A7 01 9E 91 C3 1C C0
B2 40 22 44 41 01 82 80 41 11 22 C4 2A 84 2E 85
B2 85 36 86 23 A0 01 9E 06 C6 EF F0 4F 96 FD 57
63 16 F5 00 83 A7 01 9E 91 C3 1C C0 B2 40 22 44
41 01 82 80 13 87 41 9E 1C 43 AA 88 81 EF 93 87
C1 B2 1C C3 13 07 00 00 01 C7 18 43 23 A4 E7 08
93 87 C1 B2 D8 43 7D 48 7D 55 63 46 E8 04 63 8D
08 02 03 A8 87 08 63 00 08 04 13 15 27 00 42 95
10 C1 03 23 08 10 05 46 33 16 E6 00 33 63 C3 00
23 20 68 10 23 20 D5 08 89 46 63 97 D8 00 83 26
48 10 D1 8E 23 22 D8 10 93 06 17 00 0A 07 D4 C3
BA 97 8C C7 01 45 82 80 41 11 22 C4 2A 84 2E 85
23 A0 01 9E 06 C6 EF F0 0F 8C FD 57 63 16 F5 00
83 A7 01 9E 91 C3 1C C0 B2 40 22 44 41 01 82 80
79 71 56 CA 5A C8 5E C6 62 C4 06 D6 22 D4 26 D2
4A D0 4E CE 52 CC 66 C2 2A 8B AE 8A 93 8B 41 9E
05 4C 83 A4 0B 00 81 CC C0 40 83 A9 84 08 13 09
F4 FF 0A 04 33 8A 89 00 26 94 63 5F 09 00 B2 50
22 54 92 54 02 59 F2 49 62 4A D2 4A 42 4B B2 4B
22 4C 92 4C 45 61 82 80 63 8C 0A 00 63 96 09 00
7D 19 71 1A 71 14 D1 BF 83 27 CA 07 E3 9A 57 FF
D8 40 5C 40 7D 17 63 18 27 03 23 A2 24 01 ED D3
83 AC 44 00 63 88 09 00 83 A6 09 10 33 17 2C 01
F9 8E 89 EE 82 97 D8 40 83 A7 0B 00 E3 13 97 F9
E3 80 F4 FC BD BF 23 22 04 00 D1 BF 83 A6 49 10
83 25 CA FF 75 8F 01 E7 5A 85 82 97 E9 BF 2E 85
82 97 D1 BF 03 A5 41 9C 82 80 10 45 05 A0 AA 85
03 A5 41 9C 10 45 19 A8 AA 85 03 A5 41 9C 6F F0
1F 84 AA 85 03 A5 41 9C 6F F0 FF 94 01 11 22 CC
06 CE 2A 84 09 C9 1C 51 99 E7 32 C6 2E C4 EF F0
4F D5 32 46 A2 45 1C 46 FD 17 1C C6 63 D0 07 02
18 4E 63 C7 E7 00 93 F7 F5 0F 29 47 63 98 E7 00
22 85 62 44 F2 40 05 61 6F F0 DF 9A 1C 42 13 F5
F5 0F 13 87 17 00 18 C2 23 80 B7 00 F2 40 62 44
05 61 82 80 2E 86 AA 85 03 A5 41 9C 45 B7 39 71
32 D4 36 D6 3A D8 3E DA 42 DC 46 DE 2E 86 0C 45
34 10 06 CE 36 C6 7D 28 F2 40 21 61 82 80 39 71
3E DA 83 A7 41 9C 32 D4 36 D6 2E D2 3A D8 42 DC
46 DE 8C 47 54 10 2A 86 3E 85 06 CE 36 C6 59 28
F2 40 21 61 82 80 1C 46 FD 17 1C C6 63 DA 07 00
18 4E 63 C5 E7 00 A9 47 63 94 F5 00 6F F0 9F 92
1C 42 2E 85 13 87 17 00 18 C2 23 80 B7 00 82 80
01 11 22 CC 26 CA 4A C8 4E C6 52 C4 06 CE 2A 89
AE 89 32 84 B3 04 D6 00 7D 5A 63 14 94 00 01 45
09 A8 83 45 04 00 4E 86 4A 85 75 37 05 04 E3 16
45 FF F2 40 62 44 D2 44 42 49 B2 49 22 4A 05 61
82 80 1C 46 41 11 22 C4 06 C6 32 84 91 CB 45 24
23 24 04 00 B2 40 23 22 04 00 22 44 41 01 82 80
01 45 CD BF 35 71 22 CD 26 CB 4A C9 4E C7 06 CF
52 C5 56 C3 5A C1 DE DE E2 DC E6 DA AA 89 2E 89
B2 84 36 84 09 C5 1C 51 99 E3 EF F0 8F C0 83 57
C9 00 A1 8B F9 C7 83 27 09 01 E1 C7 93 07 00 02
A3 04 F1 02 93 07 00 03 02 D2 23 05 F1 02 22 C6
93 0B 50 02 FD 5A 05 4C 29 4B 26 84 83 47 04 00
99 C3 63 93 77 0D B3 0C 94 40 63 0C 94 00 E6 86
26 86 CA 85 4E 85 2D 37 63 06 55 1D 92 57 E6 97
3E D2 83 47 04 00 63 8F 07 1A 93 04 14 00 02 C8
02 CE 56 CA 02 CC A3 09 01 04 82 D4 97 6C 00 00
93 8C 0C 08 83 C5 04 00 15 46 17 65 00 00 13 05
25 07 C9 22 42 47 AA 87 13 84 14 00 25 E9 93 77
07 01 89 C7 93 07 00 02 A3 09 F1 04 93 77 87 00
89 C7 93 07 B0 02 A3 09 F1 04 83 C6 04 00 93 07
A0 02 63 8D F6 04 F2 47 26 84 81 46 25 46 03 47
04 00 93 05 14 00 13 07 07 FD 63 77 E6 08 B1 E6
A9 A8 CA 85 4E 85 EF F0 AF CE 0D D9 7D 55 FA 40
6A 44 DA 44 4A 49 BA 49 2A 4A 9A 4A 0A 4B F6 5B
66 5C D6 5C 0D 61 82 80 05 04 0D BF B3 87 97 41
B3 17 FC 00 D9 8F 3E C8 A2 84 AD B7 B2 47 93 86
47 00 9C 43 36 C6 63 C4 07 00 3E CE 39 A0 B3 07
F0 40 13 67 27 00 3E CE 3A C8 03 47 04 00 93 07
E0 02 63 17 F7 04 03 47 14 00 93 07 A0 02 63 13
F7 02 B2 47 09 04 13 87 47 00 9C 43 3A C6 63 D3
07 00 FD 57 3E CA 2D A0 B3 87 67 03 2E 84 85 46
BA 97 B1 BF 05 04 02 CA 81 46 81 47 25 46 03 47
04 00 93 05 14 00 13 07 07 FD 63 74 E6 06 F9 FA
83 45 04 00 0D 46 17 65 00 00 13 05 E5 F6 5D 28
11 CD 97 67 00 00 93 87 27 F6 1D 8D C2 47 13 07
00 04 33 17 A7 00 D9 8F 05 04 3E C8 83 45 04 00
19 46 17 65 00 00 13 05 65 F4 93 04 14 00 23 04
B1 02 49 20 25 C1 93 07 00 00 95 E7 42 47 B2 47
13 77 07 10 09 CF 91 07 3E C6 92 57 D2 97 3E D2
A9 B5 B3 87 67 03 2E 84 85 46 BA 97 49 B7 9D 07
E1 9B A1 07 D5 B7 78 00 97 06 00 00 93 86 86 D7
4A 86 0C 08 4E 85 97 00 00 00 E7 00 00 00 2A 8A
E3 15 55 FD 83 57 C9 00 93 F7 07 04 E3 90 07 EC
12 55 75 BD 78 00 97 06 00 00 93 86 A6 D4 4A 86
0C 08 4E 85 6D 29 E1 BF B2 86 2E 86 AA 85 03 A5
41 9C 49 BB 93 F5 F5 0F 2A 96 63 14 C5 00 01 45
82 80 83 47 05 00 E3 8D B7 FE 05 05 FD B7 1C 46
99 E3 01 45 82 80 83 D7 C5 00 39 71 22 DC 4E D6
56 D2 06 DE 26 DA 4A D8 52 D4 5A D0 5E CE 62 CC
66 CA 6A C8 6E C6 A1 8B AA 89 2E 84 B2 8A C9 CF
9C 49 D9 CB 83 17 C4 00 03 AA 0A 00 13 F7 27 00
63 17 07 0E 85 8B 63 86 07 14 81 4B 01 45 01 4B
01 49 63 06 09 24 19 E9 4A 86 A9 45 5A 85 59 37
93 0B 19 00 01 C5 05 05 B3 0B 65 41 5E 8C 63 73
79 01 4A 8C 08 40 1C 48 54 48 63 F9 A7 22 04 44
B6 94 63 D5 84 23 DA 85 26 86 81 2C 1C 40 A2 85
4E 85 A6 97 1C C0 EF F0 8F A7 63 14 05 14 B3 8B
9B 40 05 45 63 98 0B 00 A2 85 4E 85 EF F0 2F A6
63 19 05 12 83 A7 8A 00 26 9B 33 09 99 40 85 8F
23 A4 FA 00 D9 F7 A1 A0 A2 85 4E 85 EF F0 4F A9
35 D1 7D 55 35 A8 03 29 0A 00 83 24 4A 00 21 0A
FD D8 A6 86 63 76 9B 00 B7 06 00 80 93 86 06 C0
1C 54 0C 50 4A 86 4E 85 82 97 63 54 A0 0E 83 A7
8A 00 2A 99 89 8C 89 8F 23 A4 FA 00 F1 FB 01 45
F2 50 62 54 D2 54 42 59 B2 59 22 5A 92 5A 02 5B
F2 4B 62 4C D2 4C 42 4D B2 4D 21 61 82 80 37 0B
00 80 01 49 81 44 13 0B 0B C0 5D B7 03 2B 0A 00
83 24 4A 00 21 0A FD D8 83 17 C4 00 08 40 03 2D
84 00 13 F7 07 20 63 06 07 0E EA 8D 63 F3 A4 05
26 8D 26 89 A6 8D 08 40 6E 86 DA 85 BD 22 1C 44
B3 87 A7 41 1C C4 1C 40 EE 97 1C C0 83 A7 8A 00
4A 9B B3 84 24 41 B3 87 27 41 23 A4 FA 00 C5 FF
BD BF B7 0B 00 80 01 4B 81 44 FD 1B 0D 4C 89 4C
5D B7 13 F7 07 48 41 CF 03 29 44 01 0C 48 33 09
89 03 B3 0D B5 40 13 87 1D 00 26 97 33 49 99 03
4A 86 63 74 E9 00 3A 89 3A 86 93 F7 07 40 A9 CB
B2 85 4E 85 EF F0 AF A9 2A 8D 19 E9 B1 47 23 A0
F9 00 83 57 C4 00 93 E7 07 04 23 16 F4 00 D5 B5
0C 48 6E 86 F5 29 83 57 C4 00 93 F7 F7 B7 93 E7
07 08 23 16 F4 00 23 28 A4 01 23 2A 24 01 6E 9D
33 09 B9 41 23 20 A4 01 23 24 24 01 26 8D 91 B7
4E 85 F9 28 2A 8D 65 F1 0C 48 4E 85 EF F0 AF B5
83 57 C4 00 93 F7 F7 F7 23 16 F4 00 45 B7 26 89
1D B7 1C 48 63 E5 A7 00 54 48 63 F9 D4 02 6A 89
63 F3 A4 01 26 89 4A 86 DA 85 41 20 1C 44 18 40
B3 87 27 41 4A 97 1C C4 18 C0 E3 99 07 F0 A2 85
4E 85 EF F0 CF 89 E3 03 05 F0 A5 B7 A6 87 63 F3
9B 00 DE 87 B3 C7 D7 02 18 54 0C 50 5A 86 4E 85
B3 86 D7 02 02 97 2A 89 E3 42 A0 EE 99 B7 03 2B
0A 00 03 29 4A 00 01 45 21 0A 65 B3 63 4B DC 00
1C 54 0C 50 5A 86 4E 85 82 97 AA 84 E3 41 A0 DE
0D B7 62 86 DA 85 11 28 1C 44 E2 84 B3 87 87 41
1C C4 1C 40 E2 97 1C C0 D9 B3 15 C2 2A 83 85 46
63 67 B5 00 FD 56 13 07 F6 FF 3A 93 BA 95 83 83
05 00 23 00 73 00 7D 16 36 93 B6 95 6D FA 82 80
01 11 22 CC 06 CE 26 CA 4A C8 4E C6 52 C4 32 84
99 E9 62 44 F2 40 D2 44 42 49 B2 49 22 4A B2 85
05 61 6F F0 CF 94 09 EE EF F0 EF A5 81 44 F2 40
62 44 42 49 B2 49 22 4A 26 85 D2 44 05 61 82 80
2A 8A AE 84 C9 26 2A 89 63 66 85 00 93 57 15 00
E3 EF 87 FC A2 85 52 85 EF F0 6F 91 AA 89 19 E1
CE 84 F1 B7 22 86 63 73 89 00 4A 86 A6 85 4E 85
41 26 A6 85 52 85 EF F0 0F A1 DD B7 79 71 56 CA
9C 49 BA 8A 98 45 22 D4 4A D0 4E CE 52 CC 06 D6
26 D2 5A C8 5E C6 AA 89 2E 84 32 89 36 8A 63 D3
E7 00 BA 87 23 20 F9 00 03 47 34 04 01 C7 85 07
23 20 F9 00 1C 40 93 F7 07 02 91 C7 83 27 09 00
89 07 23 20 F9 00 04 40 99 88 91 E8 13 0B 94 01
FD 5B 5C 44 03 27 09 00 99 8F 63 CD F4 04 83 47
34 04 B3 36 F0 00 1C 40 93 F7 07 02 AD EB 13 06
34 04 D2 85 4E 85 82 9A FD 57 63 04 F5 04 1C 40
11 47 81 44 99 8B 63 9A E7 00 83 27 09 00 44 44
9D 8C 93 C7 F4 FF FD 87 FD 8C 1C 44 18 48 63 54
F7 00 99 8F BE 94 01 49 69 04 7D 5B 63 98 24 05
01 45 09 A8 85 46 5A 86 D2 85 4E 85 82 9A 63 1E
75 01 7D 55 B2 50 22 54 92 54 02 59 F2 49 62 4A
D2 4A 42 4B B2 4B 45 61 82 80 85 04 9D BF 33 07
D4 00 13 06 00 03 A3 01 C7 04 03 47 54 04 93 87
16 00 A2 97 89 06 A3 81 E7 04 95 BF 85 46 22 86
D2 85 4E 85 82 9A E3 0E 65 FB 05 09 45 B7 79 71
22 D4 26 D2 4A D0 4E CE 06 D6 52 CC 56 CA 5A C8
03 C8 85 01 93 07 80 07 AA 84 2E 84 32 89 B6 89
63 E2 07 03 93 07 20 06 93 86 35 04 63 E1 07 03
63 0E 08 1A 93 07 80 05 17 66 00 00 13 06 86 9D
63 01 F8 14 93 0A 24 04 23 01 04 05 15 A8 93 07
D8 F9 93 F7 F7 0F 55 46 E3 66 F6 FE 17 56 00 00
13 06 46 7C 8A 07 B2 97 9C 43 B2 97 82 87 1C 43
93 8A 25 04 93 86 47 00 9C 43 14 C3 23 81 F5 04
85 47 49 AA 9C 41 08 43 13 F6 07 08 93 05 45 00
0D C2 1C 41 0C C3 63 D8 07 00 13 07 D0 02 B3 07
F0 40 A3 01 E4 04 17 66 00 00 13 06 A6 96 29 48
89 A0 13 F6 07 04 1C 41 0C C3 71 DE C2 07 C1 87
D9 BF 8C 41 10 43 13 F5 05 08 1C 42 11 06 11 E5
93 F5 05 04 99 C1 C2 07 C1 83 10 C3 13 07 F0 06
17 66 00 00 13 06 06 93 63 1C E8 0C 21 48 A3 01
04 04 58 40 18 C4 63 48 07 00 0C 40 5D 8F B6 8A
ED 99 0C C0 19 CF B6 8A 33 F7 07 03 FD 1A 32 97
03 47 07 00 23 80 EA 00 3E 87 B3 D7 07 03 E3 75
07 FF A1 47 63 1E F8 00 1C 40 85 8B 91 CB 58 40
1C 48 63 C7 E7 00 93 07 00 03 A3 8F FA FE FD 1A
B3 86 56 41 14 C8 4E 87 CA 86 70 00 A2 85 26 85
71 3B 7D 5A 63 14 45 0D 7D 55 B2 50 22 54 92 54
02 59 F2 49 62 4A D2 4A 42 4B 45 61 82 80 9C 41
93 E7 07 02 9C C1 13 08 80 07 17 66 00 00 13 06
A6 8A A3 02 04 05 0C 40 08 43 13 F8 05 08 1C 41
11 05 63 18 08 00 13 F8 05 04 63 04 08 00 C2 07
C1 83 08 C3 13 F7 15 00 01 C7 93 E5 05 02 0C C0
99 C3 41 48 2D BF 18 40 13 77 F7 FD 18 C0 D5 BF
29 48 35 B7 90 41 1C 43 CC 49 13 78 06 08 13 85
47 00 63 06 08 00 08 C3 9C 43 8C C3 01 A8 08 C3
13 76 06 04 9C 43 75 DA 23 90 B7 00 23 28 04 00
B6 8A 91 BF 1C 43 D0 41 81 45 93 86 47 00 14 C3
83 AA 07 00 56 85 EF F0 FF 94 01 C5 33 05 55 41
48 C0 5C 40 1C C8 A3 01 04 04 35 B7 14 48 56 86
CA 85 26 85 82 99 E3 09 45 F3 1C 40 89 8B 8D E7
B2 47 48 44 E3 53 F5 F2 3E 85 05 B7 85 46 5A 86
CA 85 26 85 82 99 E3 09 45 F1 85 0A 5C 44 32 47
99 8F E3 C5 FA FE E9 BF 81 4A 13 0B 94 01 FD B7
2A 83 09 CA 83 83 05 00 23 00 73 00 7D 16 05 03
85 05 6D FA 82 80 83 A7 C5 FF 13 85 C7 FF 63 D5
07 00 AA 95 9C 41 3E 95 82 80 5D 71 A2 C4 A6 C2
CA C0 4E DE AA 84 2E 84 86 C6 52 DC 56 DA 5A D8
5E D6 62 D4 66 D2 6A D0 6E CE 32 C4 36 C6 79 28
AA 89 2E 89 26 86 A2 86 26 85 A2 85 EF 20 50 47
0D ED 01 46 81 46 26 85 A2 85 EF 10 70 16 63 46
A0 02 01 46 81 46 26 85 A2 85 EF 10 B0 0C 1D ED
EF F0 4F CA 93 07 20 02 1C C1 97 67 00 00 93 87
27 9E 83 A9 07 00 03 A9 47 00 B6 40 26 44 96 44
62 5A D2 5A 42 5B B2 5B 22 5C 92 5C 02 5D F2 4D
4E 85 CA 85 F2 59 06 49 61 61 82 80 EF F0 8F C6
26 44 B6 40 96 44 06 49 F2 59 62 5A D2 5A 42 5B
B2 5B 22 5C 92 5C 02 5D F2 4D 93 07 10 02 1C C1
17 55 00 00 13 05 85 56 61 61 8D AB 61 71 23 26
11 1A 23 24 81 1A 23 22 91 1A 23 20 21 1B 23 2E
31 19 23 2C 41 19 23 2A 51 19 23 28 61 19 23 26
71 19 23 24 81 19 23 22 91 19 23 20 A1 19 23 2E
B1 17 37 03 10 00 2A 87 AE 87 63 D5 65 0A 93 96
15 00 85 82 C9 8E B9 EE 97 67 00 00 93 87 C7 93
88 43 CC 43 01 46 81 46 EF 10 80 01 83 20 C1 1A
03 24 81 1A 23 24 A1 16 23 26 B1 16 03 25 81 16
83 25 C1 16 83 24 41 1A 03 29 01 1A 83 29 C1 19
03 2A 81 19 83 2A 41 19 03 2B 01 19 83 2B C1 18
03 2C 81 18 83 2C 41 18 03 2D 01 18 83 2D C1 17
5D 61 82 80 63 D9 05 00 2A 86 AE 86 EF 20 C0 04
01 46 81 46 55 B7 97 67 00 00 93 87 67 8D 90 43
D4 43 EF 10 B0 11 2A 87 AE 87 AE 86 13 06 A0 FC
B7 05 F0 7F 63 CB B6 00 3A 86 BE 86 3A 85 BE 85
71 29 AD BF AE 86 01 46 E5 B7 93 D7 46 41 93 87
17 C0 B2 97 37 06 10 00 13 0D F6 FF 37 6C 09 00
B3 FC A6 01 13 0C 4C F6 66 9C 33 7C CC 00 B7 06
F0 3F B3 46 DC 00 13 5C 4C 41 3E 9C 97 67 00 00
93 87 87 87 90 43 B3 E5 96 01 D4 43 3A 85 EF 10
B0 7C 93 87 2C 00 B3 F7 A7 01 09 47 AA 8B 2E 8B
63 4F F7 10 01 46 81 46 EF 10 C0 70 31 E1 81 45
E3 06 0C F0 62 85 EF 20 F0 2D 97 67 00 00 93 87
27 84 90 43 D4 43 AA 8B 2E 8B EF 10 30 07 97 67
00 00 93 87 67 83 90 43 D4 43 AA 84 2E 84 5E 85
DA 85 EF 10 B0 05 2A 86 AE 86 26 85 A2 85 89 BF
97 67 00 00 93 87 C7 81 90 43 D4 43 5E 85 DA 85
EF 10 D0 03 97 67 00 00 93 87 07 81 2A 86 AE 86
88 43 CC 43 EF 10 50 74 5E C4 5A C6 5E C8 5A CA
AA 84 2E 84 22 46 B2 46 42 45 D2 45 EF 10 10 01
26 CC 22 CE 2A 86 AE 86 62 45 F2 45 EF 10 10 00
AA 84 2E 84 63 1D 0C 00 2A D0 2E D2 5E D4 5A D6
02 56 92 56 22 55 B2 55 EF 10 10 70 85 B5 62 85
EF 20 50 23 97 57 00 00 93 87 87 79 90 43 D4 43
AA 8A 2E 8A EF 10 80 7C 97 57 00 00 93 87 C7 78
56 D8 52 DA 90 43 D4 43 AA 89 2E 89 42 55 D2 55
EF 10 C0 7A 26 DC 22 DE 2A 86 AE 86 62 55 F2 55
EF 10 90 6B DE C0 DA C2 06 46 96 46 EF 10 D0 6A
CE C4 CA C6 2A 86 AE 86 26 45 B6 45 71 BF 97 57
00 00 93 87 E7 75 90 43 D4 43 37 FD F9 FF 13 0D
6D B8 29 26 DE C8 DA CA 2A 86 AE 86 46 45 D6 45
66 9D EF 00 F0 5E AA 89 2E 89 62 85 EF 20 90 1A
CE CC CA CE CE D0 CA D2 66 46 F6 46 AA 84 2E 84
06 55 96 55 EF 10 80 73 AA D4 AE D6 26 56 B6 56
AE 8D 2A C4 EF 10 80 72 17 57 00 00 13 07 C7 70
10 43 54 43 AA 8A 2E 8A EF 10 40 71 17 57 00 00
13 07 07 70 10 43 54 43 55 24 D6 D8 D2 DA 46 56
D6 56 EF 10 A0 6F 17 57 00 00 13 07 E7 6E 10 43
54 43 69 24 D6 DC D2 DE 66 56 F6 56 EF 10 00 6E
17 57 00 00 13 07 C7 6D 10 43 54 43 85 2C A2 47
6E C3 9A 46 3E C1 0A 46 EF 10 40 6C 17 57 00 00
13 07 87 6C 56 C5 52 C7 10 43 54 43 2A C4 AE 8D
2A 45 BA 45 EF 10 80 6A 17 57 00 00 13 07 47 6B
10 43 54 43 25 2C 56 C9 52 CB 4A 46 DA 46 EF 10
E0 68 17 57 00 00 13 07 27 6A 10 43 54 43 39 2C
56 CD 52 CF 6A 46 FA 46 EF 10 40 67 A2 47 6E D3
2A 86 3E D1 AE 86 0A 55 9A 55 09 24 B7 C7 06 00
93 87 17 85 B3 87 97 41 B3 E7 A7 01 AA 8A 2E 8A
63 5A F0 0E 97 57 00 00 93 87 07 62 5E D5 5A D7
90 43 D4 43 2A 55 BA 55 EF 10 40 63 5E D9 5A DB
4A 56 DA 56 EF 10 80 62 2A DD 2E DF D6 C1 D2 C3
6A 56 FA 56 2A 8D AE 8C 0E 45 9E 45 45 2A CE C5
CA C7 2E 46 BE 46 EF 10 60 60 AA 89 2E 89 63 13
0C 02 AA C9 AE CB EA CD E6 CF 4E 46 DE 46 6E 45
FE 45 EF 10 70 50 DE D1 DA D3 2A 86 AE 86 0E 55
9E 55 DD BB 97 57 00 00 93 87 87 59 A6 D5 A2 D7
90 43 D4 43 2E 55 BE 55 EF 10 40 5C 97 57 00 00
93 87 87 58 A6 D9 A2 DB 90 43 D4 43 AA 8A 2E 8A
4E 55 DE 55 EF 10 80 5A CE DD CA DF 6E 56 FE 56
35 2A 23 20 A1 11 23 22 91 11 2A 86 AE 86 03 25
01 10 83 25 41 10 EF 10 30 4A 23 24 71 11 23 26
61 11 03 26 81 10 83 26 C1 10 EF 10 F0 48 23 28
51 11 23 2A 41 11 2A 86 AE 86 03 25 01 11 83 25
41 11 9D BB 23 2C A1 10 23 2E B1 10 23 20 71 13
23 22 61 13 03 26 81 11 83 26 C1 11 03 25 01 12
83 25 41 12 EF 10 50 45 23 24 31 13 23 26 21 13
03 26 81 12 83 26 C1 12 EF 10 40 52 AA 89 2E 89
63 13 0C 02 23 28 A1 12 23 2A B1 12 23 2C 71 13
23 2E 61 13 03 26 01 13 83 26 41 13 03 25 81 13
83 25 C1 13 11 BB 97 57 00 00 93 87 67 4B 23 20
91 14 23 22 81 14 90 43 D4 43 03 25 01 14 83 25
41 14 EF 10 A0 4D 97 57 00 00 93 87 E7 49 23 24
91 14 23 26 81 14 90 43 D4 43 AA 8A 2E 8A 03 25
81 14 83 25 C1 14 EF 10 60 4B 23 28 31 15 23 2A
21 15 2A 86 AE 86 03 25 01 15 83 25 41 15 EF 10
B0 3B 23 2C 71 15 23 2E 61 15 03 26 81 15 83 26
C1 15 EF 10 70 3A 23 20 51 17 23 22 41 17 2A 86
AE 86 03 25 01 16 83 25 41 16 79 B1 97 57 00 00
93 87 07 49 88 43 CC 43 82 80 00 00 37 03 10 00
13 01 01 FE 13 03 F3 FF 13 D7 46 01 B3 77 B3 00
33 78 D3 00 23 22 51 01 93 DA 45 01 93 97 37 00
23 2A 91 00 23 24 41 01 93 FA FA 7F 13 5A D5 01
93 D4 F5 01 13 18 38 00 93 75 F7 7F 23 2E 11 00
13 57 D6 01 23 2C 81 00 23 28 21 01 23 26 31 01
93 D6 F6 01 33 6A FA 00 93 08 06 00 B3 87 BA 40
33 67 07 01 13 1E 35 00 93 1E 36 00 63 84 D4 12
63 58 F0 04 63 98 05 1A B3 66 D7 01 63 8E 06 38
93 86 F7 FF 63 8E 06 78 13 06 F0 7F 63 8C C7 46
13 06 80 03 63 56 D6 6A 13 04 FE FF 33 3E 8E 00
33 0A CA 41 93 16 8A 00 37 07 80 00 93 8A 07 00
63 DE 06 04 13 0A F7 FF 13 04 F0 FF 6F 00 80 19
63 82 07 20 B3 87 55 41 63 98 0A 4A 33 66 CA 01
63 0C 06 6A 13 86 F7 FF E3 0C 06 02 13 05 F0 7F
63 86 A7 7A 13 05 80 03 E3 58 C5 10 13 84 FE FF
B3 BE 8E 00 33 0A D7 41 13 16 8A 00 37 07 80 00
E3 40 06 1C 93 84 06 00 93 8A 07 00 93 07 44 00
33 B4 87 00 33 0A 8A 00 13 84 07 00 93 17 8A 00
63 D8 07 28 93 87 1A 00 13 07 F0 7F 13 88 04 00
63 88 E7 28 37 07 80 FF 13 07 F7 FF 93 F7 F7 7F
33 77 EA 00 13 16 D7 01 13 54 34 00 13 17 97 00
33 66 86 00 13 57 C7 00 83 20 C1 01 03 24 81 01
93 97 47 01 B3 E7 E7 00 13 17 F8 01 B3 E7 E7 00
83 24 41 01 03 29 01 01 83 29 C1 00 03 2A 81 00
83 2A 41 00 13 05 06 00 93 85 07 00 13 01 01 02
67 80 00 00 13 88 04 00 63 5A F0 22 63 90 05 1A
B3 66 D7 01 63 8A 06 26 93 86 F7 FF 63 8A 06 60
13 06 F0 7F 63 8C C7 6E 13 06 80 03 63 50 D6 7A
93 16 8A 00 37 07 80 00 13 04 1E 00 93 8A 07 00
E3 DE 06 F2 13 0A 07 00 13 04 00 00 93 8A 1A 00
93 07 F0 7F 63 8C FA 1C B7 07 80 FF 93 87 F7 FF
B3 77 FA 00 13 57 14 00 13 74 14 00 93 96 F7 01
33 67 87 00 13 DA 17 00 33 E4 E6 00 93 77 74 00
E3 86 07 F0 93 77 F4 00 13 07 40 00 E3 80 E7 F0
6F F0 DF EE 93 06 F0 7F 63 8E DA 2C 93 06 80 03
63 D0 F6 22 13 04 FE FF 33 3E 8E 00 33 0A CA 41
13 17 8A 00 B7 07 80 00 E3 52 07 EC 13 8A F7 FF
13 04 F0 FF 13 05 0A 00 EF 20 40 52 93 07 85 FF
13 07 00 02 B3 06 F7 40 B3 56 D4 00 33 1A FA 00
B3 E6 46 01 33 14 F4 00 63 CA 57 39 B3 87 57 41
93 87 17 00 33 07 F7 40 33 16 E4 00 33 36 C0 00
33 5A F4 00 33 66 46 01 33 97 E6 00 33 64 C7 00
33 DA F6 00 B3 67 44 01 93 0A 00 00 E3 90 07 F6
13 88 04 00 93 07 00 00 13 07 00 00 13 06 00 00
6F F0 9F E9 93 87 1A 00 93 F7 E7 7F 63 96 07 30
B3 67 CA 01 33 66 D7 01 63 92 0A 4C 63 86 07 66
63 00 06 28 B3 05 DE 41 33 36 BE 00 B3 07 EA 40
B3 87 C7 40 13 96 87 00 63 5E 06 74 33 8E CE 41
B3 BE CE 01 33 07 47 41 33 07 D7 41 B3 67 EE 00
13 04 0E 00 93 84 06 00 E3 8C 07 F8 93 17 87 00
63 D6 07 7A B7 07 80 FF 93 87 F7 FF 33 77 F7 00
13 88 06 00 93 07 10 00 6F F0 DF E0 93 06 F0 7F
63 82 DA 1C 93 06 80 03 63 CE F6 34 B7 06 80 00
33 67 D7 00 93 06 F0 01 63 C4 F6 50 13 06 00 02
33 06 F6 40 B3 16 C7 00 33 96 CE 00 B3 DE FE 00
33 57 F7 00 33 36 C0 00 B3 E6 D6 01 B3 E7 C6 00
33 0A EA 00 33 8E C7 01 B3 37 FE 00 33 0A FA 00
13 04 0E 00 93 17 8A 00 E3 C2 07 E4 93 77 74 00
63 82 07 74 93 77 F4 00 13 07 40 00 E3 90 E7 D6
93 87 0A 00 13 54 34 00 6F 00 80 06 93 87 0A 00
13 07 00 00 13 06 00 00 6F F0 1F D9 63 88 07 14
B3 87 55 41 63 94 0A 2E B3 66 CA 01 63 86 06 60
93 86 F7 FF 63 8E 06 3C 13 06 F0 7F 63 8C C7 4C
13 06 80 03 63 5E D6 68 93 16 87 00 37 0A 80 00
93 8A 07 00 13 04 00 00 E3 CA 06 DC 13 84 1E 00
13 0A 07 00 6F F0 9F CF 13 14 35 00 13 54 34 00
13 16 DA 01 93 06 F0 7F 33 66 86 00 13 57 3A 00
63 98 D7 0A 33 66 E6 00 63 0E 06 0A 13 08 00 00
93 07 F0 7F 37 07 08 00 13 06 00 00 6F F0 DF D0
B7 06 80 00 33 67 D7 00 93 06 F0 01 63 C8 F6 1C
93 06 00 02 B3 86 F6 40 33 14 D7 00 B3 96 DE 00
B3 DE FE 00 B3 36 D0 00 33 64 D4 01 33 57 F7 00
33 64 D4 00 33 0A EA 40 33 04 8E 40 33 3E 8E 00
33 0A CA 41 93 17 8A 00 E3 D2 07 F0 13 1A 9A 00
13 5A 9A 00 E3 18 0A DA 13 05 04 00 EF 20 00 2D
93 07 85 01 13 07 F0 01 E3 54 F7 DA 13 05 85 FF
B3 16 A4 00 63 DA 57 19 37 07 80 FF 13 07 F7 FF
33 F7 E6 00 13 16 D7 01 B3 87 FA 40 13 57 37 00
13 17 C7 00 13 57 C7 00 93 F7 F7 7F 13 88 04 00
6F F0 9F C6 13 88 04 00 93 07 F0 7F 13 07 00 00
6F F0 9F C5 13 14 35 00 13 55 34 00 13 16 DA 01
33 66 A6 00 13 57 3A 00 6F F0 DF F1 93 87 1A 00
93 F6 E7 7F 63 94 06 1C B3 67 CA 01 63 96 0A 4A
B3 66 D7 01 63 84 07 50 63 84 06 02 B3 0E DE 01
33 BE CE 01 33 07 EA 00 33 0A C7 01 93 17 8A 00
13 8E 0E 00 63 C2 07 54 B3 E7 4E 01 E3 8A 07 D4
13 5E 3E 00 13 16 DA 01 33 66 C6 01 13 57 3A 00
93 07 00 00 6F F0 DF F6 13 06 F0 7F 63 88 C5 30
13 06 80 03 63 42 F6 1C 37 06 80 00 33 6A CA 00
13 06 F0 01 63 44 F6 34 13 06 00 02 33 06 F6 40
33 14 CA 00 33 16 CE 00 33 5E FE 00 33 36 C0 00
33 64 C4 01 B3 57 FA 00 33 64 C4 00 33 07 F7 40
33 84 8E 40 B3 BE 8E 00 33 0A D7 41 93 8A 05 00
93 84 06 00 6F F0 1F EC 33 04 DE 41 33 36 8E 00
B3 07 EA 40 B3 87 C7 40 13 96 87 00 63 40 06 18
33 66 F4 00 13 8A 07 00 E3 16 06 EA 13 08 00 00
93 07 00 00 13 07 00 00 6F F0 1F B5 37 0A 80 FF
13 0A FA FF 13 77 74 00 B3 8A FA 40 33 FA 46 01
E3 12 07 D8 93 87 0A 00 6F F0 DF D8 93 86 07 FE
13 06 00 02 B3 56 D7 00 63 8A C7 00 13 06 00 04
B3 07 F6 40 B3 17 F7 00 B3 EE FE 00 33 34 D0 01
33 64 D4 00 6F F0 5F E3 33 84 57 41 93 07 14 00
63 56 F7 3C 13 04 14 FE 13 07 00 02 33 D4 86 00
63 8C E7 00 13 07 00 04 B3 07 F7 40 B3 97 F6 00
B3 37 F0 00 33 64 F4 00 E3 04 04 C2 93 77 74 00
93 0A 00 00 E3 90 07 B8 13 0A 00 00 13 54 34 00
6F F0 1F D8 13 17 8A 00 B7 07 80 00 63 5E 07 24
13 8A 07 00 13 04 00 00 6F F0 5F B2 93 06 F0 7F
63 82 D5 20 93 06 80 03 63 DE F6 28 93 17 87 00
37 0A 80 00 93 8A 05 00 13 04 00 00 E3 C0 07 B0
13 84 1E 00 13 0A 07 00 6F F0 5F A2 93 06 F0 7F
E3 88 D7 CC B3 0E DE 01 33 BE CE 01 33 07 EA 00
33 07 C7 01 93 DE 1E 00 13 14 F7 01 93 F6 7E 00
33 64 D4 01 13 5A 17 00 63 8A 06 00 93 76 F4 00
13 06 40 00 93 8A 07 00 E3 92 C6 9E 13 54 34 00
13 16 DA 01 33 66 C4 00 13 57 47 00 6F F0 5F DA
93 87 06 00 6F F0 5F D1 13 84 FE FF B3 BE 8E 00
33 0A D7 41 13 17 8A 00 B7 07 80 00 63 4C 07 24
93 84 06 00 93 8A 05 00 6F F0 5F 9A 33 8E CE 41
B3 BE CE 01 33 07 47 41 13 04 0E 00 33 0A D7 41
93 84 06 00 6F F0 1F D2 13 96 38 00 13 54 36 00
93 84 06 00 13 0A 07 00 6F F0 9F C8 63 96 07 10
63 00 06 2E 13 96 38 00 93 17 D7 01 13 56 36 00
93 84 06 00 33 66 F6 00 13 57 37 00 6F F0 9F C7
B3 0E DE 01 33 BE CE 01 33 07 EA 00 33 07 C7 01
93 17 87 00 63 D6 07 1E B7 07 80 FF 93 87 F7 FF
93 D6 1E 00 33 77 F7 00 93 17 F7 01 93 F5 76 00
B3 E7 D7 00 13 56 17 00 63 88 05 26 93 F6 F7 00
93 05 40 00 63 82 B6 26 33 84 B7 00 B3 37 F4 00
33 8A C7 00 13 54 34 00 93 07 20 00 6F F0 5F C0
B3 0E DE 41 33 3E DE 01 33 07 EA 40 33 0A C7 41
93 17 8A 00 13 84 0E 00 63 C0 07 02 93 DE 3E 00
13 16 DA 01 33 66 D6 01 13 57 3A 00 93 07 10 00
6F F0 1F C9 93 84 06 00 93 0A 10 00 6F F0 1F C4
93 86 07 FE 13 06 00 02 B3 56 D7 00 63 8A C7 00
13 06 00 04 B3 07 F6 40 B3 17 F7 00 B3 EE FE 00
B3 37 D0 01 B3 E7 D7 00 6F F0 DF AF 93 97 38 00
13 16 D7 01 93 D7 37 00 93 84 06 00 33 66 F6 00
13 57 37 00 6F F0 1F B9 E3 1A 06 B8 13 14 35 00
93 57 34 00 13 16 DA 01 33 E6 C7 00 13 57 3A 00
6F F0 5F B7 93 97 38 00 13 16 D7 01 93 D7 37 00
33 66 F6 00 13 57 37 00 6F F0 DF B5 13 86 07 FE
13 05 00 02 33 56 CA 00 63 8A A7 00 13 05 00 04
B3 07 F5 40 B3 17 FA 00 33 6E FE 00 33 34 C0 01
33 64 C4 00 6F F0 DF CB 13 04 1E 00 6F F0 1F 80
33 8E CE 41 B3 BE CE 01 33 07 47 41 33 0A D7 41
93 17 8A 00 13 04 0E 00 E3 C6 07 F2 13 5E 3E 00
13 16 DA 01 93 84 06 00 33 66 CE 00 13 57 3A 00
93 07 10 00 6F F0 DF B9 E3 0A 06 CA 13 0A 07 00
13 8E 0E 00 93 84 06 00 6F F0 9F C0 93 87 06 00
6F F0 5F 9F B7 06 80 00 33 6A DA 00 93 06 F0 01
63 C8 F6 08 13 06 00 02 33 06 F6 40 B3 16 CA 00
33 16 CE 00 33 5E FE 00 33 36 C0 00 B3 E6 C6 01
B3 57 FA 00 B3 E6 C6 00 33 07 F7 00 B3 8E D6 01
B3 B6 DE 00 33 8A E6 00 13 84 0E 00 93 8A 05 00
6F F0 5F 9E 93 8A 05 00 93 84 06 00 6F F0 1F 89
13 16 D7 01 93 DE 3E 00 33 66 D6 01 13 57 37 00
93 07 10 00 6F F0 DF B0 E3 86 07 EE B3 6E D7 01
E3 9E 0E A4 6F F0 9F EC 13 16 36 00 13 54 36 00
13 0A 07 00 6F F0 DF A2 93 07 06 00 6F F0 5F B9
13 86 07 FE 93 06 00 02 33 56 CA 00 63 8A D7 00
93 06 00 04 B3 87 F6 40 B3 17 FA 00 33 6E FE 00
B3 36 C0 01 B3 E6 C6 00 6F F0 5F F7 13 07 00 02
33 07 F7 40 13 06 00 00 6F F0 DF 85 E3 8A 06 86
13 84 0E 00 13 0A 07 00 93 07 00 00 13 54 34 00
6F F0 1F 9D 33 E6 F5 00 E3 02 06 BA 13 8A 07 00
13 8E 05 00 6F F0 DF AF 93 D7 37 00 13 16 D6 01
33 66 F6 00 13 57 47 00 93 07 20 00 6F F0 5F A6
13 08 00 00 93 07 F0 7F 37 07 08 00 6F F0 CF EC
93 87 06 00 6F F0 9F ED 37 07 80 FF 13 07 F7 FF
33 77 EA 00 13 16 D7 01 93 DE 3E 00 13 57 37 00
33 66 D6 01 33 77 67 00 93 07 10 00 6F F0 CF E9
93 8A 07 00 93 84 06 00 6F F0 CF DE 13 16 D7 01
13 5E 3E 00 33 66 CE 00 13 57 37 00 93 07 00 00
6F F0 1F A0 13 54 34 00 93 87 0A 00 6F F0 5F 93
13 01 01 FD 93 D7 45 01 23 24 81 02 23 22 91 02
23 2C 41 01 23 2A 51 01 23 22 91 01 93 94 C5 00
23 26 11 02 23 20 21 03 23 2E 31 01 23 28 61 01
23 26 71 01 23 24 81 01 23 20 A1 01 93 F7 F7 7F
13 04 05 00 93 0C 06 00 13 8A 06 00 93 D4 C4 00
93 DA F5 01 63 86 07 1A 13 07 F0 7F 63 88 E7 08
93 94 34 00 93 5B D5 01 B3 EB 9B 00 37 07 80 00
13 8B 17 C0 13 1C 35 00 B3 EB EB 00 93 04 00 00
13 0D 00 00 93 57 4A 01 13 14 CA 00 93 F7 F7 7F
13 54 C4 00 13 5A FA 01 63 82 07 08 13 07 F0 7F
63 82 E7 14 13 14 34 00 13 D7 DC 01 93 87 17 C0
33 67 87 00 37 04 80 00 33 0B FB 40 33 64 87 00
93 97 3C 00 93 06 00 00 13 07 F0 00 B3 C5 4A 01
63 64 97 24 37 F7 00 00 13 07 C7 B1 93 94 24 00
B3 84 E4 00 03 A7 04 00 67 00 07 00 B3 EB A4 00
63 9E 0B 1C 13 8B 07 00 93 57 4A 01 13 14 CA 00
93 F7 F7 7F 13 0C 00 00 93 04 80 00 13 0D 20 00
13 54 C4 00 13 5A FA 01 E3 92 07 F8 B3 67 94 01
63 8C 07 1C 63 02 04 48 13 05 04 00 EF 10 10 36
13 07 05 00 93 07 55 FF 93 06 D0 01 B3 86 F6 40
93 07 87 FF 33 14 F4 00 B3 D6 DC 00 33 E4 86 00
B3 97 FC 00 33 07 67 01 13 0B 37 3F 93 06 00 00
6F F0 9F F6 93 07 F0 7F 93 06 00 00 13 07 00 00
83 20 C1 02 03 24 81 02 93 97 47 01 93 95 F5 01
B3 E7 D7 00 B3 E7 B7 00 83 24 41 02 03 29 01 02
83 29 C1 01 03 2A 81 01 83 2A 41 01 03 2B 01 01
83 2B C1 00 03 2C 81 00 83 2C 41 00 03 2D 01 00
13 05 07 00 93 85 07 00 13 01 01 03 67 80 00 00
93 07 00 00 93 06 00 00 13 07 00 00 6F F0 5F FA
93 05 00 00 93 07 F0 7F B7 06 08 00 13 07 00 00
6F F0 1F F9 B3 67 94 01 13 0B 1B 80 63 9E 07 10
93 E4 24 00 13 04 00 00 93 06 20 00 6F F0 DF EC
B3 EB A4 00 63 80 0B 0E 63 8E 04 36 13 85 04 00
EF 10 D0 27 13 07 05 00 93 07 55 FF 93 0B D0 01
13 0C 87 FF B3 8B FB 40 B3 94 84 01 B3 5B 74 01
B3 EB 9B 00 33 1C 84 01 93 07 D0 C0 33 8B E7 40
93 04 00 00 13 0D 00 00 6F F0 DF E3 93 85 0A 00
13 84 0B 00 93 07 0C 00 13 07 20 00 E3 04 ED F0
13 07 30 00 E3 06 ED F6 13 07 10 00 E3 0A ED F4
93 0F FB 3F 13 87 0F 00 63 58 F0 4D 93 F6 77 00
63 96 06 3E 13 D5 37 00 93 17 74 00 63 DA 07 00
B7 07 00 FF 93 87 F7 FF 13 07 0B 40 33 74 F4 00
93 07 E0 7F E3 C0 E7 EC 93 16 D4 01 13 16 94 00
93 77 F7 7F 33 E7 A6 00 93 56 C6 00 6F F0 5F EB
93 05 0A 00 13 8D 06 00 6F F0 1F F9 93 8B 04 00
13 0C 05 00 13 8B 07 00 93 04 C0 00 13 0D 30 00
6F F0 5F DA 13 0C 00 00 93 04 40 00 13 0B 00 00
13 0D 10 00 6F F0 1F D9 93 E4 14 00 13 04 00 00
93 06 10 00 6F F0 5F DC 93 E4 34 00 93 87 0C 00
93 06 30 00 6F F0 5F DB 63 6A 74 25 63 86 8B 24
93 06 0C 00 13 0B FB FF 13 0C 00 00 13 17 84 00
13 53 07 01 33 D4 6B 02 13 D6 87 01 33 66 E6 00
93 18 06 01 93 D8 08 01 13 D7 06 01 13 98 87 00
B3 FB 6B 02 33 85 88 02 93 9B 0B 01 B3 67 77 01
63 FA A7 00 B3 07 F6 00 13 07 F4 FF 63 F8 C7 2E
13 04 07 00 B3 87 A7 40 33 D7 67 02 93 96 06 01
93 D6 06 01 B3 F7 67 02 B3 8F E8 02 93 97 07 01
B3 E6 F6 00 63 FA F6 01 B3 06 D6 00 93 07 F7 FF
63 F6 C6 2A 13 87 07 00 13 14 04 01 33 64 E4 00
93 17 04 01 13 1E 08 01 93 D7 07 01 13 5E 0E 01
93 5E 08 01 13 55 04 01 33 87 FE 02 B3 86 F6 41
33 8F C7 03 B3 0F C5 03 93 57 0F 01 33 07 F7 01
B3 87 E7 00 33 05 D5 03 63 F6 F7 01 37 07 01 00
33 05 E5 00 93 1F 0F 01 13 D7 07 01 13 9F 07 01
93 DF 0F 01 B3 07 A7 00 33 0F FF 01 63 EC F6 10
63 88 F6 10 33 0F EC 41 33 3C EC 01 B3 86 F6 40
93 0F FB 3F B3 86 86 41 13 87 0F 00 63 04 D6 1C
B3 D7 66 02 13 55 0F 01 B3 F6 66 02 B3 82 F8 02
93 96 06 01 B3 66 D5 00 63 FE 56 00 B3 06 D6 00
13 85 F7 FF 63 E4 C6 22 63 F2 56 22 93 87 E7 FF
B3 86 C6 00 B3 86 56 40 33 D5 66 02 13 1F 0F 01
13 5F 0F 01 B3 F6 66 02 B3 88 A8 02 93 96 06 01
33 6F DF 00 63 7E 1F 01 33 0F E6 01 93 06 F5 FF
63 6A CF 1E 63 78 1F 1F 13 05 E5 FF 33 0F CF 00
93 97 07 01 B3 E7 A7 00 93 96 07 01 93 D6 06 01
93 D2 07 01 33 85 DE 02 33 0F 1F 41 33 83 C2 03
33 0E DE 02 33 05 65 00 93 56 0E 01 B3 86 A6 00
B3 8E 5E 02 63 F6 66 00 37 05 01 00 B3 8E AE 00
13 D5 06 01 13 1E 0E 01 13 5E 0E 01 93 96 06 01
33 05 D5 01 B3 86 C6 01 63 6E AF 0C 63 0A AF 0C
93 06 20 C0 93 E7 17 00 63 40 DB 1A 13 85 47 00
B3 37 F5 00 13 55 35 00 33 04 F4 00 6F F0 DF D6
E3 7A EC EF 33 07 0C 01 33 35 87 01 B3 0F C5 00
B3 86 F6 01 13 0C 07 00 93 0F F4 FF 63 72 D6 10
63 E6 F6 00 63 90 D7 10 63 7E E7 0F 33 07 E8 00
33 35 07 01 33 05 C5 00 13 04 E4 FF B3 86 A6 00
13 0C 07 00 6F F0 1F EB E3 6C FC DA 93 96 FB 01
13 57 1C 00 93 DB 1B 00 B3 E6 E6 00 13 1C FC 01
6F F0 DF DA EF 10 80 70 93 07 55 01 93 06 C0 01
13 07 05 02 E3 D4 F6 C8 13 05 85 FF B3 1B A4 00
13 0C 00 00 6F F0 5F C9 13 85 0C 00 EF 10 00 6E
93 07 55 01 93 06 C0 01 13 07 05 02 E3 DE F6 B6
13 05 85 FF 33 94 AC 00 93 07 00 00 6F F0 9F B8
E3 82 06 CA 33 0F E6 01 93 08 0F 00 13 83 F7 FF
63 66 CF 0A 63 62 AF 1A 63 00 AF 1C 93 07 03 00
6F F0 1F F1 13 05 00 00 93 07 10 00 E3 4E F0 F1
63 94 0F 0C 37 07 00 80 93 17 F4 01 13 07 F7 FF
B3 E7 E7 00 13 54 14 00 13 87 47 00 B3 37 F7 00
33 04 F4 00 93 07 07 00 13 17 84 00 63 50 07 1A
93 07 10 00 93 06 00 00 13 07 00 00 6F F0 5F B3
63 0E D6 04 13 84 0F 00 6F F0 DF DC E3 FC F6 D5
13 07 E7 FF B3 86 C6 00 6F F0 1F D5 E3 FA A7 D0
13 04 E4 FF B3 87 C7 00 6F F0 DF D0 93 F6 F7 00
13 06 40 00 E3 88 C6 C0 6F F0 5F E9 93 07 05 00
6F F0 5F DE 13 85 06 00 6F F0 9F E1 93 07 03 00
E3 98 A8 E6 E3 96 06 E7 6F F0 DF BD E3 14 05 FA
E3 E6 F6 EA 6F F0 1F EA 13 07 10 C0 63 10 EB 02
13 D7 17 00 13 67 17 00 93 17 F4 01 B3 E7 E7 00
13 54 14 00 6F F0 5F F5 93 07 F0 FF 13 07 10 00
33 07 F7 41 93 06 80 03 E3 C4 E6 AE 93 06 F0 01
63 DC E6 0C 93 06 10 FE B3 86 F6 41 13 06 00 02
B3 56 D4 00 63 08 C7 00 13 0B EB 43 33 14 64 01
B3 E7 87 00 B3 37 F0 00 B3 E7 D7 00 13 F7 77 00
93 06 00 00 63 02 07 02 13 F6 F7 00 13 05 40 00
13 07 00 00 63 0A A6 00 33 86 A7 00 B3 37 F6 00
13 97 D7 01 93 07 06 00 93 D7 37 00 33 E7 E7 00
93 07 00 00 6F F0 DF A2 E3 92 0F F8 93 F6 77 00
13 D6 17 00 13 0B F0 01 13 07 10 00 63 90 06 08
33 1B 64 01 33 66 D6 00 B3 67 CB 00 93 F6 77 00
33 54 E4 00 E3 8A 06 EA 13 F7 F7 00 93 06 40 00
E3 04 D7 EA 6F F0 5F E9 13 13 18 00 B3 38 03 01
B3 88 C8 00 B3 08 1F 01 93 87 E7 FF 13 08 03 00
E3 8A A8 EE 6F F0 DF D5 E3 60 D8 FE 93 07 03 00
E3 98 06 D5 6F F0 1F AC 13 0B EB 41 B3 96 67 01
B3 36 D0 00 33 D6 E7 00 6F F0 9F F9 93 16 94 00
93 D6 C6 00 13 17 D4 01 6F F0 1F F6 B3 F6 E7 00
6F F0 1F F8 13 D7 45 01 B7 07 10 00 13 D8 46 01
93 87 F7 FF 13 03 F0 7F 13 77 F7 7F 33 FE B7 00
93 08 05 00 B3 F7 D7 00 33 78 68 00 93 D5 F5 01
93 D6 F6 01 13 05 10 00 63 0C 67 00 63 08 68 00
63 14 07 01 63 06 FE 02 67 80 00 00 67 80 00 00
E3 1C E8 FE B3 67 FE 00 B3 E7 C7 00 B3 E7 17 01
E3 94 07 FE B3 85 D5 40 33 35 B0 00 67 80 00 00
E3 9C C8 FC 63 8A D5 00 E3 18 07 FC 33 6E 1E 01
33 35 C0 01 67 80 00 00 13 05 00 00 67 80 00 00
93 D8 45 01 B7 07 10 00 13 D7 46 01 13 08 05 00
93 87 F7 FF 13 03 F0 7F 93 F8 F8 7F 33 75 67 00
13 0E 08 00 33 F7 B7 00 93 0E 06 00 B3 F7 D7 00
93 D5 F5 01 93 D6 F6 01 63 88 68 04 63 04 65 02
63 94 08 06 33 68 07 01 63 1C 05 04 33 E6 C7 00
63 00 06 08 63 10 08 0A 13 95 16 00 13 05 F5 FF
67 80 00 00 33 E6 C7 00 63 12 06 08 63 96 08 00
33 67 07 01 E3 02 07 FE 63 9E D5 00 13 95 15 00
13 05 F5 FF 67 80 00 00 33 67 07 01 63 10 07 06
63 04 15 05 B3 05 B0 40 13 E5 15 00 67 80 00 00
E3 0C 08 FA 6F F0 5F FD E3 06 05 FE E3 94 D5 FE
E3 42 15 FF E3 C4 A8 FC E3 EE E7 FC E3 10 F7 FC
E3 EA CE FD 13 05 00 00 E3 6A DE FB 67 80 00 00
E3 12 08 FC 67 80 00 00 B3 E7 C7 00 63 98 07 00
E3 9A D5 FA 13 05 00 00 67 80 00 00 13 05 E0 FF
67 80 00 00 E3 82 D5 FC 6F F0 DF F9 13 01 01 FD
93 D7 45 01 23 24 81 02 23 22 91 02 23 2C 41 01
23 2A 51 01 23 24 81 01 13 94 C5 00 23 26 11 02
23 20 21 03 23 2E 31 01 23 28 61 01 23 26 71 01
23 22 91 01 23 20 A1 01 93 F7 F7 7F 93 0A 05 00
13 0C 06 00 93 84 06 00 13 54 C4 00 13 DA F5 01
63 88 07 42 13 07 F0 7F 63 86 E7 2A 13 14 34 00
13 57 D5 01 33 67 87 00 37 04 80 00 13 8B 17 C0
93 1B 35 00 33 64 87 00 93 0C 00 00 13 0D 00 00
93 D7 44 01 13 97 C4 00 93 F7 F7 7F 93 5A C7 00
93 D4 F4 01 63 80 07 2A 13 07 F0 7F 63 88 E7 3A
93 87 17 C0 13 07 A0 00 33 0B FB 00 63 44 97 2F
13 97 3A 00 93 57 DC 01 B3 E7 E7 00 B3 46 9A 00
37 07 80 00 13 06 20 00 B3 EA E7 00 13 18 3C 00
93 85 06 00 93 07 00 00 63 52 96 03 13 06 10 00
33 16 96 01 13 77 06 53 63 18 07 2A 93 75 06 24
63 9E 05 50 13 76 86 08 63 14 06 4E 93 97 0B 01
13 16 08 01 93 D7 07 01 13 56 06 01 93 DB 0B 01
13 58 08 01 33 87 C7 02 33 85 CB 02 13 53 07 01
B3 05 F8 02 B3 85 A5 00 33 03 B3 00 B3 8E 0B 03
63 76 A3 00 B7 05 01 00 B3 8E BE 00 13 9E 0A 01
13 17 07 01 13 5E 0E 01 93 DA 0A 01 13 57 07 01
93 15 03 01 B3 88 CB 03 B3 85 E5 00 13 53 03 01
33 87 C7 03 B3 87 FA 02 13 55 07 01 B3 87 17 01
33 05 F5 00 B3 8B 5B 03 63 76 15 01 B7 07 01 00
B3 8B FB 00 93 17 04 01 93 18 07 01 93 D7 07 01
13 54 04 01 93 D8 08 01 13 17 05 01 B3 0F F8 02
33 07 17 01 13 55 05 01 33 03 E3 00 33 05 75 01
B3 08 C4 02 33 8F C7 02 B3 8F 1F 01 13 56 0F 01
33 06 F6 01 33 08 88 02 63 76 16 01 B7 08 01 00
33 08 18 01 13 1F 0F 01 93 18 06 01 13 5F 0F 01
13 56 06 01 33 8F E8 01 33 06 06 01 B3 08 C4 03
33 88 C7 03 B3 87 FA 02 13 5E 08 01 B3 87 17 01
33 0E FE 00 B3 8A 8A 02 63 76 1E 01 B7 07 01 00
B3 8A FA 00 93 18 08 01 93 D8 08 01 93 17 0E 01
33 08 D3 01 B3 87 17 01 33 85 A7 00 33 37 E8 00
B3 08 E8 01 33 07 E5 00 33 06 C7 00 33 B8 08 01
33 08 06 01 B3 37 F5 00 33 35 A7 00 B3 E7 A7 00
33 37 E6 00 13 5E 0E 01 33 36 C8 00 B3 87 C7 01
33 67 C7 00 93 9B 98 00 33 07 F7 00 B3 EB BB 00
33 07 57 01 13 17 97 00 B3 3B 70 01 93 D8 78 01
13 54 78 01 B3 EB 1B 01 13 18 98 00 93 17 77 00
33 64 87 00 B3 EB 0B 01 63 CC 07 16 93 07 FB 3F
63 5E F0 2C 13 F7 7B 00 63 0C 07 02 13 F7 FB 00
13 06 40 00 63 06 C7 02 13 87 4B 00 B3 3B 77 01
33 04 74 01 93 0B 07 00 13 17 74 00 63 5A 07 00
37 07 00 FF 13 07 F7 FF 93 07 0B 40 33 74 E4 00
13 07 E0 7F 63 4C F7 32 13 17 D4 01 93 DB 3B 00
13 14 94 00 93 F7 F7 7F 33 67 77 01 13 54 C4 00
6F 00 00 0C B3 6B A4 00 63 96 0B 24 13 8B 07 00
93 D7 44 01 13 97 C4 00 93 F7 F7 7F 13 04 00 00
93 0C 80 00 13 0D 20 00 93 5A C7 00 93 D4 F4 01
E3 94 07 D6 33 E8 8A 01 63 04 08 1A 63 8A 0A 30
13 85 0A 00 EF 00 90 7D 93 07 05 00 13 07 55 FF
93 06 D0 01 B3 86 E6 40 13 88 87 FF 33 97 0A 01
B3 56 DC 00 B3 EA E6 00 33 18 0C 01 B3 07 FB 40
13 07 A0 00 13 8B D7 C0 63 4E 97 01 93 07 20 00
B3 46 9A 00 E3 DC 97 D7 93 85 06 00 93 07 00 00
6F F0 DF D4 93 05 0A 00 93 07 20 00 63 0E FD 24
93 07 30 00 63 02 FD 1C 93 07 10 00 93 86 05 00
63 1C FD 06 93 07 00 00 13 04 00 00 13 07 00 00
93 97 47 01 83 20 C1 02 B3 E7 87 00 03 24 81 02
93 96 F6 01 B3 E7 D7 00 83 24 41 02 03 29 01 02
83 29 C1 01 03 2A 81 01 83 2A 41 01 03 2B 01 01
83 2B C1 00 03 2C 81 00 83 2C 41 00 03 2D 01 00
13 05 07 00 93 85 07 00 13 01 01 03 67 80 00 00
93 D7 1B 00 93 FB 1B 00 B3 E7 77 01 93 1B F4 01
B3 EB 77 01 13 54 14 00 93 07 0B 40 13 0B 1B 00
63 56 F0 14 13 F7 7B 00 E3 08 07 E8 13 F7 FB 00
13 06 40 00 E3 1A C7 E6 6F F0 1F E8 33 E8 8A 01
13 0B FB 7F 63 1A 08 0C 93 E7 2C 00 13 07 A0 00
E3 4A F7 F2 B3 45 9A 00 93 86 05 00 63 8A 0C 28
93 8C 07 00 93 0A 00 00 93 07 20 00 6F F0 1F C6
B3 6B A4 00 63 84 0B 04 63 02 04 1A 13 05 04 00
EF 00 D0 68 13 07 05 00 93 06 55 FF 93 07 D0 01
93 0B 87 FF B3 87 D7 40 33 14 74 01 B3 D7 FA 00
33 E4 87 00 B3 9B 7A 01 93 07 D0 C0 33 8B E7 40
93 0C 00 00 13 0D 00 00 6F F0 9F BB 13 04 00 00
93 0C 40 00 13 0B 00 00 13 0D 10 00 6F F0 5F BA
93 EC 1C 00 93 07 A0 00 E3 C6 97 EB B3 45 9A 00
13 07 20 00 93 86 05 00 93 0A 00 00 93 07 10 00
E3 4E 97 BD 13 07 20 00 63 88 E7 0E 13 0D 10 00
93 07 10 00 13 04 00 00 93 0B 00 00 93 86 05 00
E3 14 FD F0 6F F0 1F E9 93 EC 3C 00 13 07 A0 00
63 40 97 1D 13 07 10 00 33 16 97 01 13 76 86 08
B3 46 9A 00 13 08 0C 00 93 07 30 00 E3 08 06 BA
6F 00 00 09 93 0B 05 00 13 8B 07 00 93 0C C0 00
13 0D 30 00 6F F0 DF B1 93 06 00 00 93 07 F0 7F
37 04 08 00 13 07 00 00 6F F0 9F E4 13 06 10 00
63 9C 07 0E 13 0B EB 41 B3 97 6B 01 B3 37 F0 00
33 1B 64 01 B3 E7 67 01 33 D7 CB 00 33 67 F7 00
93 77 77 00 33 56 C4 00 63 80 07 02 93 77 F7 00
93 05 40 00 63 8A B7 00 B3 07 B7 00 33 B7 E7 00
33 06 E6 00 13 87 07 00 93 17 86 00 63 DE 07 12
93 07 10 00 13 04 00 00 13 07 00 00 6F F0 5F DE
13 8D 07 00 93 07 20 00 93 85 04 00 13 84 0A 00
93 0B 08 00 E3 16 FD DA 93 86 05 00 93 07 F0 7F
13 04 00 00 13 07 00 00 6F F0 9F DB 93 06 00 00
93 07 F0 7F 37 04 08 00 6F F0 9F DA 93 07 F0 7F
13 04 00 00 13 07 00 00 6F F0 9F D9 EF 00 10 4F
93 06 55 01 93 07 C0 01 13 07 05 02 E3 D0 D7 E6
13 05 85 FF 33 94 AA 00 93 0B 00 00 6F F0 DF E6
13 05 0C 00 EF 00 90 4C 13 07 55 01 93 06 C0 01
93 07 05 02 E3 D6 E6 CE 13 05 85 FF B3 1A AC 00
13 08 00 00 6F F0 9F CF 33 06 F6 40 13 07 80 03
E3 4A C7 D2 13 07 F0 01 E3 5E C7 EE 13 07 10 FE
B3 07 F7 40 13 07 00 02 B3 57 F4 00 63 08 E6 00
13 0B EB 43 33 1B 64 01 B3 EB 6B 01 33 37 70 01
33 67 F7 00 93 77 77 00 13 04 00 00 63 82 07 02
13 76 F7 00 93 05 40 00 93 07 00 00 63 0A B6 00
33 06 B7 00 33 37 E6 00 93 17 D7 01 13 07 06 00
13 57 37 00 33 67 F7 00 93 07 00 00 6F F0 5F CD
93 06 00 00 37 04 08 00 13 07 00 00 6F F0 5F CC
93 07 20 00 6F F0 1F E0 13 14 96 00 13 54 C4 00
93 17 D6 01 6F F0 DF FC B7 07 10 00 93 87 F7 FF
13 01 01 FE B3 F8 B7 00 13 D8 46 01 B3 F7 D7 00
93 98 38 00 13 97 37 00 23 2A 91 00 23 24 41 01
23 22 51 01 13 5A D5 01 93 DA 45 01 93 57 D6 01
93 D4 F5 01 13 03 F0 7F 23 2E 11 00 23 2C 81 00
23 28 21 01 23 26 31 01 13 78 F8 7F 33 6A 1A 01
13 0E 06 00 B3 E7 E7 00 93 D6 F6 01 B3 FA 6A 00
93 85 04 00 93 1E 35 00 93 18 36 00 63 00 68 1C
93 C6 16 00 33 87 0A 41 63 80 D4 10 63 5A E0 6E
63 0C 08 1E 63 84 6A 46 93 06 80 03 63 C4 E6 20
B7 06 80 00 B3 E7 D7 00 93 06 F0 01 63 C0 E6 56
93 06 00 02 B3 86 E6 40 33 94 D7 00 B3 96 D8 00
B3 D8 E8 00 B3 36 D0 00 33 64 14 01 33 D7 E7 00
33 64 D4 00 33 0A EA 40 33 84 8E 40 B3 BE 8E 00
33 0A DA 41 93 17 8A 00 63 C6 07 38 93 77 74 00
63 8A 07 3E 93 77 F4 00 13 07 40 00 63 84 E7 3E
93 07 44 00 33 B4 87 00 33 0A 8A 00 13 84 07 00
93 17 8A 00 63 D8 07 3C 93 87 1A 00 13 07 F0 7F
93 F5 14 00 63 86 E7 30 37 07 80 FF 13 07 F7 FF
93 F7 F7 7F 33 77 EA 00 13 16 D7 01 13 54 34 00
13 17 97 00 33 66 86 00 13 57 C7 00 83 20 C1 01
03 24 81 01 93 97 47 01 93 95 F5 01 B3 E7 E7 00
B3 E7 B7 00 83 24 41 01 03 29 01 01 83 29 C1 00
03 2A 81 00 83 2A 41 00 13 05 06 00 93 85 07 00
13 01 01 02 67 80 00 00 63 58 E0 6E 63 1A 08 26
33 E7 17 01 63 04 07 2A 13 87 FA FF 63 0E 07 56
63 88 6A 70 93 06 80 03 63 C8 E6 26 93 06 F0 01
63 C6 E6 64 13 06 00 02 33 06 E6 40 B3 96 C7 00
33 96 C8 00 B3 D8 E8 00 33 36 C0 00 33 D7 E7 00
B3 E6 16 01 B3 E7 C6 00 33 0A EA 00 B3 8E D7 01
B3 B7 FE 00 33 0A FA 00 13 84 0E 00 93 17 8A 00
E3 DE 07 EE 93 8A 1A 00 93 07 F0 7F 63 88 FA 5E
B7 07 80 FF 93 87 F7 FF B3 77 FA 00 13 57 14 00
13 74 14 00 93 96 F7 01 33 67 87 00 13 DA 17 00
33 E4 E6 00 93 77 74 00 E3 84 07 EE 93 77 F4 00
13 07 40 00 E3 96 E7 EC 6F F0 9F ED 33 E7 17 01
13 86 1A 80 63 08 07 0E 63 8A D4 0E 63 0E 06 12
63 8A 0A 36 13 17 3E 00 13 96 D7 01 13 57 37 00
93 84 06 00 33 66 E6 00 93 D7 37 00 33 66 F6 00
63 0E 06 26 93 05 00 00 93 07 F0 7F 37 07 08 00
13 06 00 00 6F F0 9F EC 33 E7 17 01 63 08 07 1A
13 87 FA FF 63 02 07 52 63 82 6A 26 93 06 80 03
E3 D4 E6 E0 13 84 FE FF B3 BE 8E 00 33 0A DA 41
13 17 8A 00 B7 07 80 00 E3 54 07 E4 13 8A F7 FF
13 04 F0 FF 13 05 0A 00 EF 00 50 14 13 07 85 FF
93 07 00 02 B3 86 E7 40 B3 56 D4 00 33 1A EA 00
B3 E6 46 01 33 14 E4 00 63 4E 57 2B 33 07 57 41
13 07 17 00 B3 87 E7 40 33 16 F4 00 33 36 C0 00
33 5A E4 00 B3 97 F6 00 33 66 46 01 33 E4 C7 00
33 DA E6 00 B3 67 44 01 93 0A 00 00 E3 94 07 F0
93 F5 14 00 93 07 00 00 13 07 00 00 13 06 00 00
6F F0 DF E1 93 C6 16 00 E3 9A D4 F0 63 0C 06 1C
63 94 0A 36 13 07 08 00 B3 66 DA 01 63 8C 06 66
93 06 F7 FF 63 82 06 3C 13 06 F0 7F 63 06 C7 34
13 06 80 03 63 52 D6 72 93 96 87 00 37 0A 80 00
93 0A 07 00 13 04 00 00 E3 CE 06 E6 13 84 18 00
13 8A 07 00 6F F0 DF D7 13 87 1A 00 13 77 E7 7F
63 10 07 1E 33 E6 17 01 33 67 DA 01 63 90 0A 34
63 06 07 58 63 0A 06 1A B3 85 1E 41 33 B6 BE 00
33 07 FA 40 33 07 C7 40 13 16 87 00 63 58 06 68
B3 8E D8 41 B3 B8 D8 01 B3 87 47 41 B3 87 17 41
33 E7 FE 00 13 84 0E 00 93 84 06 00 E3 02 07 F4
13 97 87 00 63 50 07 6E 37 07 80 FF 13 07 F7 FF
33 F7 E7 00 93 85 06 00 93 07 10 00 6F F0 DF D3
63 8E 6A 0E 93 06 80 03 63 C8 E6 00 B7 06 80 00
B3 E7 D7 00 6F F0 9F D9 13 17 8A 00 B7 07 80 00
63 5C 07 34 13 8A 07 00 13 04 00 00 6F F0 9F DC
13 07 00 00 13 06 00 00 6F F0 5F D1 13 14 35 00
13 54 34 00 13 16 DA 01 13 07 F0 7F 33 66 86 00
93 57 3A 00 E3 8C EA E0 93 97 C7 00 13 D7 C7 00
93 F5 14 00 93 F7 FA 7F 6F F0 5F CE 93 84 06 00
93 0A 10 00 13 1A 9A 00 13 5A 9A 00 E3 14 0A E4
13 05 04 00 EF 00 80 78 13 07 85 01 93 07 F0 01
E3 D0 E7 E4 13 05 85 FF B3 16 A4 00 63 4E 57 19
33 04 57 41 13 07 14 00 63 D0 E7 58 13 04 14 FE
93 07 00 02 33 D4 86 00 63 0C F7 00 93 07 00 04
B3 87 E7 40 B3 97 F6 00 B3 37 F0 00 33 64 F4 00
E3 08 04 E4 93 77 74 00 93 0A 00 00 E3 98 07 D4
13 0A 00 00 13 54 34 00 6F F0 DF F5 93 F5 14 00
93 07 F0 7F 13 07 00 00 6F F0 5F C5 13 15 35 00
13 55 35 00 13 16 DA 01 33 66 A6 00 93 57 3A 00
6F F0 DF D5 13 87 1A 00 93 76 E7 7F 63 9C 06 12
33 67 DA 01 63 98 0A 48 B3 E6 17 01 63 06 07 50
63 84 06 02 B3 88 1E 01 B3 BE D8 01 B3 07 FA 00
33 8A D7 01 93 17 8A 00 93 8E 08 00 63 C2 07 54
B3 E7 48 01 E3 86 07 DC 93 DE 3E 00 13 16 DA 01
33 66 D6 01 93 57 3A 00 93 0A 00 00 6F F0 DF EE
33 84 1E 41 33 B6 8E 00 33 07 FA 40 33 07 C7 40
13 16 87 00 63 4E 06 12 33 66 E4 00 13 0A 07 00
E3 16 06 EE 93 05 00 00 93 07 00 00 13 07 00 00
6F F0 DF BA 37 0A 80 FF 13 0A FA FF 93 77 74 00
B3 8A EA 40 33 FA 46 01 E3 9E 07 B2 13 54 34 00
6F F0 5F E8 13 07 08 00 33 66 DA 01 63 0A 06 12
13 06 F7 FF 63 00 06 32 93 05 F0 7F E3 0C B7 C6
93 05 80 03 63 D6 C5 40 13 84 F8 FF B3 B8 88 00
33 8A 17 41 13 16 8A 00 B7 07 80 00 63 4E 06 4A
93 84 06 00 93 0A 07 00 6F F0 9F AF 93 06 07 FE
13 06 00 02 B3 D6 D7 00 63 0A C7 00 13 06 00 04
33 07 E6 40 B3 97 E7 00 B3 E8 F8 00 33 34 10 01
33 64 D4 00 6F F0 5F AA B7 07 80 FF 93 87 F7 FF
B3 F7 F6 00 13 96 D7 01 B3 8A EA 40 93 D7 37 00
6F F0 9F E0 93 06 F0 7F 63 06 D7 34 B3 88 1E 01
B3 BE D8 01 B3 07 FA 00 B3 87 D7 01 93 D8 18 00
13 94 F7 01 93 F6 78 00 33 64 14 01 13 DA 17 00
63 8C 06 44 93 76 F4 00 13 06 40 00 93 0A 07 00
E3 98 C6 A6 13 16 DA 01 13 54 34 00 33 66 86 00
93 D7 47 00 6F F0 5F DB 13 17 3E 00 13 96 D7 01
13 57 37 00 33 66 E6 00 93 D7 37 00 6F F0 1F BB
B3 8E D8 41 B3 B8 D8 01 B3 87 47 41 13 84 0E 00
33 8A 17 41 93 84 06 00 6F F0 5F DA 63 18 07 1C
63 0C 06 38 13 16 3E 00 13 97 D7 01 13 56 36 00
93 84 06 00 33 66 C7 00 93 D7 37 00 6F F0 1F B7
13 16 3E 00 13 54 36 00 93 84 06 00 93 0A 07 00
13 8A 07 00 6F F0 1F D3 B3 88 1E 01 B3 BE D8 01
B3 07 FA 00 B3 87 D7 01 13 97 87 00 63 56 07 2A
37 07 80 FF 13 07 F7 FF 93 D6 18 00 B3 F7 E7 00
13 97 F7 01 93 F5 76 00 33 67 D7 00 13 D6 17 00
63 88 05 30 93 76 F7 00 93 05 40 00 63 82 B6 30
33 04 B7 00 33 37 E4 00 33 0A C7 00 93 0A 20 00
13 54 34 00 6F F0 1F CD 13 84 1E 00 6F F0 5F 98
E3 04 07 C0 33 07 58 41 E3 80 0A E4 13 06 80 03
63 5C E6 08 13 84 F8 FF B3 B8 88 00 33 8A 17 41
13 17 8A 00 B7 07 80 00 63 44 07 1E 93 84 06 00
93 0A 08 00 6F F0 DF 94 B3 88 1E 41 B3 07 FA 40
B3 BE 1E 01 33 8A D7 41 93 17 8A 00 13 84 08 00
E3 C0 07 CA 93 D8 38 00 13 16 DA 01 33 E6 C8 00
93 57 3A 00 93 0A 10 00 6F F0 1F C7 93 87 0A 00
13 07 00 00 13 06 00 00 6F F0 5F 95 93 06 07 FE
13 06 00 02 B3 D6 D7 00 63 0A C7 00 13 06 00 04
33 07 E6 40 B3 97 E7 00 B3 E8 F8 00 B3 37 10 01
B3 E7 D7 00 6F F0 9F 9B 37 06 80 00 93 84 06 00
33 6A CA 00 93 06 F0 01 63 C8 E6 08 93 06 00 02
B3 86 E6 40 33 14 DA 00 B3 96 DE 00 B3 DE EE 00
B3 36 D0 00 33 64 D4 01 33 57 EA 00 33 64 D4 00
B3 87 E7 40 33 84 88 40 B3 B8 88 00 33 8A 17 41
93 0A 08 00 6F F0 1F 87 E3 0E 07 C8 33 07 58 41
E3 84 0A AC 93 06 80 03 63 DC E6 0A 13 97 87 00
37 0A 80 00 93 0A 08 00 13 04 00 00 E3 4C 07 94
13 84 18 00 13 8A 07 00 6F F0 9F 85 E3 14 06 9C
93 17 35 00 93 D7 37 00 13 16 DA 01 33 E6 C7 00
93 57 3A 00 6F F0 9F 9A 93 06 07 FE 13 06 00 02
B3 56 DA 00 63 0A C7 00 13 06 00 04 33 07 E6 40
33 17 EA 00 B3 EE EE 00 33 34 D0 01 33 64 D4 00
6F F0 5F F7 B3 8E D8 41 B3 87 47 41 B3 B8 D8 01
33 8A 17 41 93 17 8A 00 13 84 0E 00 E3 C0 07 B6
93 DE 3E 00 13 16 DA 01 93 84 06 00 33 66 D6 01
93 57 3A 00 93 0A 10 00 6F F0 1F B3 E3 04 06 C6
13 8A 07 00 93 8E 08 00 93 84 06 00 6F F0 DF C1
B7 06 80 00 33 6A DA 00 93 06 F0 01 63 C8 E6 0A
13 06 00 02 33 06 E6 40 B3 16 CA 00 33 96 CE 00
B3 DE EE 00 33 36 C0 00 B3 E6 D6 01 33 57 EA 00
B3 E6 C6 00 B3 87 E7 00 B3 88 16 01 B3 B6 D8 00
33 8A F6 00 13 84 08 00 93 0A 08 00 6F F0 1F 86
93 0A 08 00 93 84 06 00 13 8A F7 FF 13 04 F0 FF
6F F0 5F 92 93 07 07 00 13 06 00 00 13 07 00 00
6F F0 CF F9 E3 0A 07 CE B3 E8 17 01 E3 9C 08 8A
6F F0 1F EF 13 16 3E 00 13 54 36 00 93 0A 07 00
13 8A 07 00 6F F0 1F A7 13 96 D7 01 93 D8 38 00
33 66 16 01 93 D7 37 00 93 0A 10 00 6F F0 DF A6
93 84 06 00 13 07 06 00 6F F0 DF E3 13 06 07 FE
93 06 00 02 33 56 CA 00 63 0A D7 00 93 06 00 04
33 87 E6 40 33 17 EA 00 B3 EE EE 00 B3 36 D0 01
B3 E6 C6 00 6F F0 5F F5 93 07 00 02 B3 87 E7 40
13 06 00 00 6F F0 1F 8D E3 84 06 8E 13 84 08 00
13 8A 07 00 13 54 34 00 6F F0 DF 9F 33 E6 E5 00
E3 02 06 B4 13 0A 07 00 93 8E 05 00 6F F0 DF AF
13 57 37 00 13 16 D6 01 33 66 E6 00 93 D7 47 00
93 0A 20 00 6F F0 5F 9E 93 05 00 00 93 07 F0 7F
37 07 08 00 6F F0 8F EC 13 87 06 00 6F F0 DF EB
B7 07 80 FF 93 87 F7 FF B3 77 FA 00 13 96 D7 01
93 DE 38 00 93 97 97 00 13 D7 C7 00 33 66 D6 01
93 07 10 00 6F F0 8F E9 93 0A 07 00 93 84 06 00
6F F0 CF FF 13 96 D7 01 93 DE 3E 00 33 66 D6 01
93 D7 37 00 6F F0 5F 98 13 54 34 00 13 16 DA 01
33 66 C4 00 93 D7 47 00 93 0A 07 00 6F F0 DF 96
13 D7 45 01 B7 07 10 00 93 87 F7 FF 13 47 F7 FF
13 D8 46 01 B3 F5 B7 00 B3 F7 D7 00 93 16 57 01
13 78 F8 7F 63 80 06 02 13 07 F0 7F 13 05 00 00
63 04 E8 00 67 80 00 00 B3 E7 C7 00 33 35 F0 00
67 80 00 00 B3 E5 A5 00 13 05 10 00 E3 8E 05 FC
67 80 00 00 13 01 01 FE 23 2E 11 00 23 2C 81 00
23 2A 91 00 23 28 21 01 23 26 31 01 63 0A 05 04
13 57 F5 41 B3 44 A7 00 B3 84 E4 40 93 07 05 00
13 85 04 00 13 D4 F7 01 EF 00 40 09 93 07 E0 41
B3 87 A7 40 13 07 A0 00 93 F7 F7 7F 63 44 A7 06
13 07 B0 00 33 07 A7 40 33 D7 E4 00 13 17 C7 00
13 05 55 01 13 57 C7 00 B3 94 A4 00 6F 00 40 01
13 04 00 00 93 07 00 00 13 07 00 00 93 04 00 00
93 97 47 01 13 14 F4 01 B3 E7 E7 00 83 20 C1 01
B3 E7 87 00 03 24 81 01 03 29 01 01 83 29 C1 00
13 85 04 00 93 85 07 00 83 24 41 01 13 01 01 02
67 80 00 00 13 05 55 FF 33 97 A4 00 13 17 C7 00
13 57 C7 00 93 04 00 00 6F F0 9F FB B7 07 01 00
63 7A F5 02 13 37 05 10 13 37 17 00 13 17 37 00
B7 F7 00 00 33 55 E5 00 93 87 C7 B5 B3 87 A7 00
03 C5 07 00 93 06 00 02 B3 86 E6 40 33 85 A6 40
67 80 00 00 B7 07 00 01 63 74 F5 02 93 06 00 01
13 87 06 00 B7 F7 00 00 33 55 E5 00 93 87 C7 B5
B3 87 A7 00 03 C5 07 00 33 85 A6 40 67 80 00 00
13 07 80 01 B7 F7 00 00 33 55 E5 00 93 87 C7 B5
B3 87 A7 00 03 C5 07 00 93 06 80 00 33 85 A6 40
67 80 00 00 13 08 06 00 93 08 05 00 13 87 05 00
63 90 06 0E 63 FE C5 12 B7 07 01 00 63 6E F6 1E
B7 07 00 01 93 06 80 01 63 74 F6 00 93 06 00 01
B7 F7 00 00 33 53 D6 00 93 87 C7 B5 B3 87 67 00
83 C7 07 00 13 03 00 02 B3 87 D7 00 B3 06 F3 40
63 0C F3 00 33 97 D5 00 B3 57 F5 00 33 E7 E7 00
33 18 D6 00 B3 18 D5 00 13 56 08 01 33 55 C7 02
93 16 08 01 93 D6 06 01 93 D7 08 01 33 77 C7 02
B3 85 A6 02 13 17 07 01 B3 E7 E7 00 63 FC B7 00
B3 07 F8 00 13 07 F5 FF 63 E4 07 01 63 EE B7 3C
13 05 07 00 B3 87 B7 40 33 D7 C7 02 93 98 08 01
93 D8 08 01 B3 F7 C7 02 B3 86 E6 02 93 97 07 01
B3 E8 F8 00 63 FE D8 00 B3 08 18 01 93 07 F7 FF
63 E6 08 01 13 07 E7 FF 63 E4 D8 00 13 87 07 00
13 15 05 01 33 65 E5 00 93 05 00 00 67 80 00 00
63 F8 D5 00 93 05 00 00 13 05 00 00 67 80 00 00
B7 07 01 00 63 E8 F6 1E B7 07 00 01 13 08 80 01
63 F4 F6 00 13 08 00 01 B7 F7 00 00 33 D7 06 01
93 87 C7 B5 B3 87 E7 00 03 C7 07 00 93 07 00 02
33 07 07 01 B3 88 E7 40 63 96 E7 1C 63 E2 B6 30
33 35 C5 00 13 35 15 00 93 05 00 00 67 80 00 00
63 0C 06 0C B7 07 01 00 63 7A F6 2C 13 37 06 10
13 37 17 00 13 17 37 00 B3 56 E6 00 B7 F7 00 00
93 87 C7 B5 B3 87 D7 00 83 C7 07 00 93 06 00 02
B3 87 E7 00 B3 8E F6 40 63 94 F6 0C B3 87 C5 40
93 56 06 01 13 16 06 01 13 56 06 01 93 05 10 00
33 D5 D7 02 13 D7 08 01 B3 F7 D7 02 33 03 C5 02
93 97 07 01 B3 67 F7 00 63 FC 67 00 B3 07 F8 00
13 07 F5 FF 63 E4 07 01 63 E2 67 2A 13 05 07 00
B3 87 67 40 33 D7 D7 02 93 98 08 01 93 D8 08 01
B3 F7 D7 02 33 06 C7 02 93 97 07 01 B3 E8 F8 00
63 FE C8 00 B3 08 18 01 93 07 F7 FF 63 E6 08 01
13 07 E7 FF 63 E4 C8 00 13 87 07 00 13 15 05 01
33 65 E5 00 67 80 00 00 93 36 06 10 93 B6 16 00
93 96 36 00 6F F0 DF E0 B7 F7 00 00 93 06 00 00
93 87 C7 B5 B3 87 D7 00 83 C7 07 00 13 07 00 00
93 06 00 02 B3 87 E7 00 B3 8E F6 40 E3 80 F6 F4
33 18 D6 01 33 D3 F5 00 93 56 08 01 33 5E D3 02
13 16 08 01 B3 95 D5 01 13 56 06 01 B3 57 F5 00
B3 E7 B7 00 13 D7 07 01 B3 18 D5 01 33 73 D3 02
B3 05 C6 03 13 13 03 01 33 67 67 00 63 7E B7 00
33 07 E8 00 13 05 FE FF 63 62 07 1D 63 70 B7 1C
13 0E EE FF 33 07 07 01 33 07 B7 40 33 55 D7 02
93 97 07 01 93 D7 07 01 33 77 D7 02 33 03 A6 02
13 17 07 01 B3 E7 E7 00 63 FE 67 00 B3 07 F8 00
13 07 F5 FF 63 EC 07 17 63 FA 67 16 13 05 E5 FF
B3 87 07 01 93 15 0E 01 B3 E5 A5 00 B3 87 67 40
6F F0 1F EB 13 B8 06 10 13 38 18 00 13 18 38 00
6F F0 9F E1 33 5E E6 00 B3 96 16 01 33 6E DE 00
33 D8 E5 00 93 5E 0E 01 B3 57 D8 03 13 13 0E 01
B3 95 15 01 13 53 03 01 33 57 E5 00 33 67 B7 00
93 56 07 01 33 16 16 01 33 78 D8 03 B3 05 F3 02
13 18 08 01 B3 E6 06 01 63 FE B6 00 B3 06 DE 00
13 88 F7 FF 63 E8 C6 11 63 F6 B6 10 93 87 E7 FF
B3 86 C6 01 B3 86 B6 40 33 D8 D6 03 13 17 07 01
13 57 07 01 B3 F6 D6 03 B3 05 03 03 93 96 06 01
33 67 D7 00 63 7E B7 00 33 07 EE 00 93 06 F8 FF
63 62 C7 0D 63 70 B7 0C 13 08 E8 FF 33 07 C7 01
93 97 07 01 93 16 08 01 13 13 06 01 B3 E7 07 01
93 D6 06 01 13 53 03 01 13 D8 07 01 13 56 06 01
33 0E 68 02 33 07 B7 40 33 83 66 02 B3 86 C6 02
93 55 03 01 B3 86 C6 01 B3 86 D5 00 33 08 C8 02
63 F6 C6 01 37 06 01 00 33 08 C8 00 13 D6 06 01
33 06 06 01 63 66 C7 02 63 08 C7 00 13 85 07 00
93 05 00 00 67 80 00 00 13 13 03 01 13 53 03 01
93 96 06 01 33 15 15 01 B3 86 66 00 E3 70 D5 FE
13 85 F7 FF 93 05 00 00 67 80 00 00 B7 07 00 01
63 7A F6 04 93 56 06 01 13 07 00 01 6F F0 1F D3
93 05 00 00 13 05 10 00 67 80 00 00 13 05 07 00
6F F0 5F E9 13 88 06 00 6F F0 9F F4 13 0E 05 00
6F F0 9F E4 93 07 08 00 6F F0 DF EF 13 05 E5 FF
B3 87 07 01 6F F0 DF D5 13 05 E5 FF B3 87 07 01
6F F0 5F C2 93 56 86 01 13 07 80 01 6F F0 1F CE
01 11 BD 67 4E C6 AE 89 AA 85 13 85 C7 95 4A C8
56 C2 32 89 B6 8A 06 CE EF C0 6F AB B3 67 59 01
85 CF 22 CC 26 CA 52 C4 01 44 81 44 3D 6A B3 87
89 00 83 C5 07 00 13 05 4A 96 EF C0 4F A9 93 07
14 00 33 B7 87 00 BA 94 3E 84 E3 12 F9 FE E3 90
9A FE 62 44 D2 44 22 4A F2 40 42 49 B2 49 92 4A
29 45 05 61 6F C0 AF 9C
@0000D100
10 00 00 00 00 00 00 00 03 7A 52 00 01 7C 01 01
1B 0D 02 00 10 00 00 00 18 00 00 00 9C F0 FF FF
8C 04 00 00 00 00 00 00
@0000E800
69 6C 6C 65 67 61 6C 20 69 6E 73 74 72 75 63 74
69 6F 6E 20 65 78 63 65 70 74 69 6F 6E 20 68 61
6E 64 6C 65 72 20 65 6E 74 65 72 65 64 0A 00 65
63 61 6C 6C 20 65 78 63 65 70 74 69 6F 6E 20 68
61 6E 64 6C 65 72 20 65 6E 74 65 72 65 64 0A 00
65 62 72 65 61 6B 20 65 78 63 65 70 74 69 6F 6E
20 68 61 6E 64 6C 65 72 20 65 6E 74 65 72 65 64
0A 00 75 6E 6B 6E 6F 77 6E 20 65 78 63 65 70 74
69 6F 6E 20 68 61 6E 64 6C 65 72 20 65 6E 74 65
72 65 64 0A 00 6E 6F 20 65 78 63 65 70 74 69 6F
6E 20 68 61 6E 64 6C 65 72 20 69 6E 73 74 61 6C
6C 65 64 0A 00 00 00 00 BE 71 00 00 AA 71 00 00
80 71 00 00 D2 71 00 00 94 71 00 00 6A 71 00 00
E6 71 00 00 42 77 00 00 42 77 00 00 46 77 00 00
80 77 00 00 3C 77 00 00 3E 77 00 00 3C 77 00 00
3E 77 00 00 3C 77 00 00 3C 77 00 00 3C 77 00 00
C0 77 00 00 4E A8 FF FF 64 A8 FF FF 24 A8 FF FF
24 A8 FF FF 24 A8 FF FF 24 A8 FF FF 64 A8 FF FF
24 A8 FF FF 24 A8 FF FF 24 A8 FF FF 24 A8 FF FF
A4 A9 FF FF A2 A8 FF FF 4E A9 FF FF 24 A8 FF FF
24 A8 FF FF D4 A9 FF FF 24 A8 FF FF A2 A8 FF FF
24 A8 FF FF 24 A8 FF FF 56 A9 FF FF 25 63 5B 25
64 5D 3D 00 25 30 32 78 00 00 00 00 47 70 69 6F
20 25 64 20 69 6E 69 74 69 61 6C 69 7A 61 74 69
6F 6E 20 66 61 69 6C 65 64 21 0D 0A 00 00 00 00
25 73 00 00 4D 54 56 41 4C 20 76 61 6C 75 65 20
69 73 20 30 78 25 78 0A 00 00 00 00 49 6E 73 74
72 75 63 74 69 6F 6E 20 61 63 63 65 73 73 20 66
61 75 6C 74 2C 20 6D 74 76 61 6C 20 73 68 6F 77
73 20 66 61 75 6C 74 20 61 64 64 72 65 73 73 0A
00 00 00 00 4C 6F 61 64 2F 53 74 6F 72 65 20 66
61 75 6C 74 2C 20 6D 74 76 61 6C 20 73 68 6F 77
73 20 74 68 65 20 66 61 75 6C 74 20 61 64 64 72
65 73 73 0A 00 00 00 00 45 6E 76 69 72 6F 6E 6D
65 6E 74 20 63 61 6C 6C 20 65 6E 63 6F 75 6E 74
65 72 65 64 00 00 00 00 49 6C 6C 65 67 61 6C 20
49 6E 73 74 72 75 63 74 69 6F 6E 20 66 61 75 6C
74 2C 20 6D 74 76 61 6C 20 73 68 6F 77 73 20 69
6E 73 74 72 75 63 74 69 6F 6E 20 63 6F 6E 74 65
6E 74 0A 00 42 72 65 61 6B 70 6F 69 6E 74 20 74
72 69 67 67 65 72 64 2C 20 6D 74 76 61 6C 20 73
68 6F 77 73 20 74 68 65 20 62 72 65 61 6B 70 6F
69 6E 74 20 61 64 64 72 65 73 73 0A 00 00 00 00
53 6F 66 74 77 61 72 65 20 49 52 51 20 74 72 69
67 67 65 72 65 64 21 00 54 69 6D 65 72 20 49 52
51 20 74 72 69 67 67 65 72 65 64 21 00 00 00 00
23 2D 30 2B 20 00 00 00 68 6C 4C 00 65 66 67 45
46 47 00 00 30 31 32 33 34 35 36 37 38 39 41 42
43 44 45 46 00 00 00 00 30 31 32 33 34 35 36 37
38 39 61 62 63 64 65 66 00 00 00 00 BC A7 00 00
08 A6 00 00 64 A6 00 00 64 A7 00 00 64 A6 00 00
74 A6 00 00 64 A6 00 00 64 A7 00 00 08 A6 00 00
08 A6 00 00 74 A6 00 00 64 A7 00 00 F0 A6 00 00
F0 A6 00 00 F0 A6 00 00 74 A6 00 00 00 01 02 02
03 03 03 03 04 04 04 04 04 04 04 04 05 05 05 05
05 05 05 05 05 05 05 05 05 05 05 05 06 06 06 06
06 06 06 06 06 06 06 06 06 06 06 06 06 06 06 06
06 06 06 06 06 06 06 06 06 06 06 06 07 07 07 07
07 07 07 07 07 07 07 07 07 07 07 07 07 07 07 07
07 07 07 07 07 07 07 07 07 07 07 07 07 07 07 07
07 07 07 07 07 07 07 07 07 07 07 07 07 07 07 07
07 07 07 07 07 07 07 07 07 07 07 07 08 08 08 08
08 08 08 08 08 08 08 08 08 08 08 08 08 08 08 08
08 08 08 08 08 08 08 08 08 08 08 08 08 08 08 08
08 08 08 08 08 08 08 08 08 08 08 08 08 08 08 08
08 08 08 08 08 08 08 08 08 08 08 08 08 08 08 08
08 08 08 08 08 08 08 08 08 08 08 08 08 08 08 08
08 08 08 08 08 08 08 08 08 08 08 08 08 08 08 08
08 08 08 08 08 08 08 08 08 08 08 08 08 08 08 08
08 08 08 08 08 08 08 08 08 08 08 08 00 01 02 03
04 05 06 07 08 09 0A 0B 0C 0D 0E 0F 10 11 12 13
14 15 16 17 18 19 1A 1B 1C 1D 1E 1F
@0000EC7C
00 00 02 20 12 34 00 00 00 00 00 00 64 00 00 00
00 00 00 00 00 00 00 00 00 00 00 00 00 00 00 00
00 00 00 00 00 00 00 00 00 00 00 00 00 00 00 00
00 00 00 00 00 00 00 00 00 00 00 00 00 00 00 00
00 00 00 00 00 00 00 00 00 00 01 30 12 34 00 00
00 00 00 00 64 00 00 00 00 00 00 00 00 00 00 00
00 00 00 00 00 00 00 00 00 00 00 00 00 00 00 00
00 00 00 00 00 00 00 00 00 00 00 00 00 00 00 00
00 00 00 00 00 00 00 00 00 00 00 00 00 00 00 00
00 00 05 30 12 34 00 00 00 00 00 00 64 00 00 00
00 00 00 00 00 00 00 00 00 00 00 00 00 00 00 00
00 00 00 00 00 00 00 00 00 00 00 00 00 00 00 00
00 00 00 00 00 00 00 00 00 00 00 00 00 00 00 00
00 00 00 00 00 00 00 00 00 00 00 00 03 00 00 00
70 EE 00 00 00 00 00 00 70 EE 00 00 D8 EE 00 00
40 EF 00 00 00 00 00 00 00 00 00 00 00 00 00 00
00 00 00 00 00 00 00 00 00 00 00 00 00 00 00 00
00 00 00 00 00 00 00 00 00 00 00 00 00 00 00 00
00 00 00 00 00 00 00 00 00 00 00 00 00 00 00 00
@0000EDB0
00 00 00 00 00 00 F0 FF 00 00 00 00 00 00 50 C3
00 00 00 00 00 00 50 43 00 00 00 00 00 00 F0 3F
00 00 E0 FE 42 2E E6 3F 76 3C 79 35 EF 39 EA 3D
55 55 55 55 55 55 D5 3F 00 00 00 00 00 00 E0 3F
00 00 00 00 00 00 00 40 44 52 3E DF 12 F1 C2 3F
DE 03 CB 96 64 46 C7 3F 59 93 22 94 24 49 D2 3F
93 55 55 55 55 55 E5 3F 9F C6 78 D0 09 9A C3 3F
AF 78 8E 1D C5 71 CC 3F 04 FA 97 99 99 99 D9 3F
00 00 00 00 00 00 F8 7F 00 00 00 00 34 F0 00 00
60 ED 00 00 A4 87 00 00
